# {"t_start": 1545333392.7211132, "env_id": "MountainCar-v0"} 
r,l,t
-1.0,1,0.594252
-1.0,1,0.595054
-1.0,1,0.595713
-1.0,1,0.596545
-1.0,1,0.597282
-1.0,1,0.597953
-1.0,1,0.598556
-1.0,1,0.599131
-1.0,1,0.599726
-1.0,1,0.60029
-1.0,1,0.60094
-1.0,1,0.601578
-1.0,1,0.602159
-1.0,1,0.602731
-1.0,1,0.603375
-1.0,1,0.603966
-1.0,1,0.604546
-1.0,1,0.605192
-1.0,1,0.605848
-1.0,1,0.606421
-1.0,1,0.606996
-1.0,1,0.607612
-1.0,1,0.608219
-1.0,1,0.608835
-1.0,1,0.609453
-1.0,1,0.610063
-1.0,1,0.6106
-1.0,1,0.611268
-1.0,1,0.611854
-1.0,1,0.612405
-1.0,1,0.613049
-1.0,1,0.613623
-1.0,1,0.614221
-1.0,1,0.614789
-1.0,1,0.615366
-1.0,1,0.615879
-1.0,1,0.616498
-1.0,1,0.617164
-1.0,1,0.617753
-1.0,1,0.618415
-1.0,1,0.619028
-1.0,1,0.619611
-1.0,1,0.620245
-1.0,1,0.620823
-1.0,1,0.621392
-1.0,1,0.622034
-1.0,1,0.622674
-1.0,1,0.623244
-1.0,1,0.623878
-1.0,1,0.624521
-1.0,1,0.625156
-1.0,1,0.625794
-1.0,1,0.626443
-1.0,1,0.627086
-1.0,1,0.627667
-1.0,1,0.628322
-1.0,1,0.628969
-1.0,1,0.629538
-1.0,1,0.630126
-1.0,1,0.6307
-1.0,1,0.631321
-1.0,1,0.631926
-1.0,1,0.632546
-1.0,1,0.633252
-1.0,1,0.63388
-1.0,1,0.634454
-1.0,1,0.635091
-1.0,1,0.635723
-1.0,1,0.636371
-1.0,1,0.636993
-1.0,1,0.637558
-1.0,1,0.638191
-1.0,1,0.638884
-1.0,1,0.639523
-1.0,1,0.640188
-1.0,1,0.640795
-1.0,1,0.641436
-1.0,1,0.642104
-1.0,1,0.642771
-1.0,1,0.643438
-1.0,1,0.644032
-1.0,1,0.644588
-1.0,1,0.645101
-1.0,1,0.645669
-1.0,1,0.646234
-1.0,1,0.646765
-1.0,1,0.647329
-1.0,1,0.647891
-1.0,1,0.648463
-1.0,1,0.649031
-1.0,1,0.649594
-1.0,1,0.650093
-1.0,1,0.650591
-1.0,1,0.651088
-1.0,1,0.651587
-1.0,1,0.652085
-1.0,1,0.652655
-1.0,1,0.65322
-1.0,1,0.653718
-1.0,1,0.654293
-1.0,1,0.654819
-1.0,1,0.655379
-1.0,1,0.65594
-1.0,1,0.656439
-1.0,1,0.656937
-1.0,1,0.657442
-1.0,1,0.657941
-1.0,1,0.65845
-1.0,1,0.65895
-1.0,1,0.659446
-1.0,1,0.659949
-1.0,1,0.660455
-1.0,1,0.660962
-1.0,1,0.661468
-1.0,1,0.661966
-1.0,1,0.662467
-1.0,1,0.662966
-1.0,1,0.663531
-1.0,1,0.664054
-1.0,1,0.664624
-1.0,1,0.665189
-1.0,1,0.665693
-1.0,1,0.666191
-1.0,1,0.666695
-1.0,1,0.667196
-1.0,1,0.667694
-1.0,1,0.668196
-1.0,1,0.668705
-1.0,1,0.669208
-1.0,1,0.66977
-1.0,1,0.6703
-1.0,1,0.670801
-1.0,1,0.671304
-1.0,1,0.671809
-1.0,1,0.67231
-1.0,1,0.672813
-1.0,1,0.673321
-1.0,1,0.67382
-1.0,1,0.674321
-1.0,1,0.674824
-1.0,1,0.675325
-1.0,1,0.675825
-1.0,1,0.676324
-1.0,1,0.676825
-1.0,1,0.677324
-1.0,1,0.677826
-1.0,1,0.678329
-1.0,1,0.67883
-1.0,1,0.679332
-1.0,1,0.679836
-1.0,1,0.680359
-1.0,1,0.680858
-1.0,1,0.681357
-1.0,1,0.681857
-1.0,1,0.682355
-1.0,1,0.682867
-1.0,1,0.68337
-1.0,1,0.68387
-1.0,1,0.684374
-1.0,1,0.684875
-1.0,1,0.685373
-1.0,1,0.685875
-1.0,1,0.686382
-1.0,1,0.686883
-1.0,1,0.687383
-1.0,1,0.687884
-1.0,1,0.688388
-1.0,1,0.688904
-1.0,1,0.689405
-1.0,1,0.689916
-1.0,1,0.690414
-1.0,1,0.690918
-1.0,1,0.691416
-1.0,1,0.691914
-1.0,1,0.692419
-1.0,1,0.692918
-1.0,1,0.693417
-1.0,1,0.693915
-1.0,1,0.694415
-1.0,1,0.694927
-1.0,1,0.695439
-1.0,1,0.695946
-1.0,1,0.696483
-1.0,1,0.69699
-1.0,1,0.697492
-1.0,1,0.698058
-1.0,1,0.698563
-1.0,1,0.699064
-1.0,1,0.699633
-1.0,1,0.700195
-1.0,1,0.700697
-1.0,1,0.701194
-1.0,1,0.701699
-1.0,1,0.702205
-1.0,1,0.702704
-1.0,1,0.703207
-1.0,1,0.703711
-1.0,1,0.70422
-1.0,1,0.704723
-1.0,1,0.705221
-1.0,1,0.705723
-1.0,1,0.706227
-1.0,1,0.706798
-1.0,1,0.707366
-1.0,1,0.707873
-1.0,1,0.708382
-1.0,1,0.708945
-1.0,1,0.709511
-1.0,1,0.710078
-1.0,1,0.710583
-1.0,1,0.711091
-1.0,1,0.711597
-1.0,1,0.712161
-1.0,1,0.712675
-1.0,1,0.713181
-1.0,1,0.713682
-1.0,1,0.714183
-1.0,1,0.714748
-1.0,1,0.71531
-1.0,1,0.715816
-1.0,1,0.71631
-1.0,1,0.716878
-1.0,1,0.717446
-1.0,1,0.717951
-1.0,1,0.718454
-1.0,1,0.71895
-1.0,1,0.719447
-1.0,1,0.720012
-1.0,1,0.720534
-1.0,1,0.721103
-1.0,1,0.721672
-1.0,1,0.722175
-1.0,1,0.722689
-1.0,1,0.723204
-1.0,1,0.723778
-1.0,1,0.724342
-1.0,1,0.724908
-1.0,1,0.725475
-1.0,1,0.725983
-1.0,1,0.726553
-1.0,1,0.727059
-1.0,1,0.727562
-1.0,1,0.728065
-1.0,1,0.72866
-1.0,1,0.729196
-1.0,1,0.729799
-1.0,1,0.730381
-1.0,1,0.730918
-1.0,1,0.731432
-1.0,1,0.731935
-1.0,1,0.732505
-1.0,1,0.733073
-1.0,1,0.733639
-1.0,1,0.734205
-1.0,1,0.73472
-1.0,1,0.735233
-1.0,1,0.735739
-1.0,1,0.736308
-1.0,1,0.736816
-1.0,1,0.737388
-1.0,1,0.737965
-1.0,1,0.73853
-1.0,1,0.739095
-1.0,1,0.739664
-1.0,1,0.740234
-1.0,1,0.740805
-1.0,1,0.741312
-1.0,1,0.741826
-1.0,1,0.742371
-1.0,1,0.742944
-1.0,1,0.743522
-1.0,1,0.74403
-1.0,1,0.744614
-1.0,1,0.745135
-1.0,1,0.745651
-1.0,1,0.746183
-1.0,1,0.746692
-1.0,1,0.747272
-1.0,1,0.74781
-1.0,1,0.748321
-1.0,1,0.748832
-1.0,1,0.749367
-1.0,1,0.749903
-1.0,1,0.750445
-1.0,1,0.750978
-1.0,1,0.751489
-1.0,1,0.752003
-1.0,1,0.752574
-1.0,1,0.753087
-1.0,1,0.753594
-1.0,1,0.754171
-1.0,1,0.754715
-1.0,1,0.755256
-1.0,1,0.755789
-1.0,1,0.756367
-1.0,1,0.756931
-1.0,1,0.757495
-1.0,1,0.75805
-1.0,1,0.75858
-1.0,1,0.759114
-1.0,1,0.759696
-1.0,1,0.760298
-1.0,1,0.760837
-1.0,1,0.761353
-1.0,1,0.761984
-1.0,1,0.762532
-1.0,1,0.763067
-1.0,1,0.763603
-1.0,1,0.764184
-1.0,1,0.76474
-1.0,1,0.765289
-1.0,1,0.765826
-1.0,1,0.766405
-1.0,1,0.766986
-1.0,1,0.767492
-1.0,1,0.768062
-1.0,1,0.768641
-1.0,1,0.769148
-1.0,1,0.76966
-1.0,1,0.77017
-1.0,1,0.770669
-1.0,1,0.771238
-1.0,1,0.771803
-1.0,1,0.772373
-1.0,1,0.772954
-1.0,1,0.773527
-1.0,1,0.774027
-1.0,1,0.774526
-1.0,1,0.775093
-1.0,1,0.775662
-1.0,1,0.776166
-1.0,1,0.776747
-1.0,1,0.777325
-1.0,1,0.777902
-1.0,1,0.778473
-1.0,1,0.779037
-1.0,1,0.779602
-1.0,1,0.780172
-1.0,1,0.780768
-1.0,1,0.78134
-1.0,1,0.781846
-1.0,1,0.782362
-1.0,1,0.782893
-1.0,1,0.783434
-1.0,1,0.784002
-1.0,1,0.784512
-1.0,1,0.785025
-1.0,1,0.78556
-1.0,1,0.786103
-1.0,1,0.786682
-1.0,1,0.787191
-1.0,1,0.787698
-1.0,1,0.788207
-1.0,1,0.788721
-1.0,1,0.789291
-1.0,1,0.789804
-1.0,1,0.790381
-1.0,1,0.790887
-1.0,1,0.791457
-1.0,1,0.792028
-1.0,1,0.792541
-1.0,1,0.793123
-1.0,1,0.793651
-1.0,1,0.794198
-1.0,1,0.794744
-1.0,1,0.795282
-1.0,1,0.795865
-1.0,1,0.796379
-1.0,1,0.796951
-1.0,1,0.797517
-1.0,1,0.798081
-1.0,1,0.798595
-1.0,1,0.799106
-1.0,1,0.79968
-1.0,1,0.800188
-1.0,1,0.800703
-1.0,1,0.801204
-1.0,1,0.801774
-1.0,1,0.802276
-1.0,1,0.802846
-1.0,1,0.803352
-1.0,1,0.803859
-1.0,1,0.80437
-1.0,1,0.804933
-1.0,1,0.805443
-1.0,1,0.805952
-1.0,1,0.806451
-1.0,1,0.807026
-1.0,1,0.807595
-1.0,1,0.808099
-1.0,1,0.808674
-1.0,1,0.809193
-1.0,1,0.809706
-1.0,1,0.810279
-1.0,1,0.810847
-1.0,1,0.811348
-1.0,1,0.811861
-1.0,1,0.812371
-1.0,1,0.812937
-1.0,1,0.813503
-1.0,1,0.814074
-1.0,1,0.814581
-1.0,1,0.815165
-1.0,1,0.815732
-1.0,1,0.816243
-1.0,1,0.816817
-1.0,1,0.817387
-1.0,1,0.817951
-1.0,1,0.818455
-1.0,1,0.81902
-1.0,1,0.819517
-1.0,1,0.820028
-1.0,1,0.820598
-1.0,1,0.821106
-1.0,1,0.821609
-1.0,1,0.822175
-1.0,1,0.822738
-1.0,1,0.823306
-1.0,1,0.82381
-1.0,1,0.824376
-1.0,1,0.824945
-1.0,1,0.825458
-1.0,1,0.825966
-1.0,1,0.826471
-1.0,1,0.826989
-1.0,1,0.82749
-1.0,1,0.828056
-1.0,1,0.828628
-1.0,1,0.829192
-1.0,1,0.829758
-1.0,1,0.830268
-1.0,1,0.830778
-1.0,1,0.83128
-1.0,1,0.831786
-1.0,1,0.832287
-1.0,1,0.832799
-1.0,1,0.833305
-1.0,1,0.83387
-1.0,1,0.834378
-1.0,1,0.834878
-1.0,1,0.835378
-1.0,1,0.835877
-1.0,1,0.83638
-1.0,1,0.836948
-1.0,1,0.837512
-1.0,1,0.838078
-1.0,1,0.838647
-1.0,1,0.839212
-1.0,1,0.839717
-1.0,1,0.840227
-1.0,1,0.840731
-1.0,1,0.841231
-1.0,1,0.841731
-1.0,1,0.842294
-1.0,1,0.842797
-1.0,1,0.843366
-1.0,1,0.843868
-1.0,1,0.844373
-1.0,1,0.844941
-1.0,1,0.845446
-1.0,1,0.846011
-1.0,1,0.846576
-1.0,1,0.847142
-1.0,1,0.847717
-1.0,1,0.84823
-1.0,1,0.848798
-1.0,1,0.849364
-1.0,1,0.849927
-1.0,1,0.850433
-1.0,1,0.85094
-1.0,1,0.851512
-1.0,1,0.852023
-1.0,1,0.852531
-1.0,1,0.853041
-1.0,1,0.853541
-1.0,1,0.854041
-1.0,1,0.854604
-1.0,1,0.855101
-1.0,1,0.855664
-1.0,1,0.856234
-1.0,1,0.856807
-1.0,1,0.857321
-1.0,1,0.857823
-1.0,1,0.858356
-1.0,1,0.858873
-1.0,1,0.85938
-1.0,1,0.859948
-1.0,1,0.860454
-1.0,1,0.861022
-1.0,1,0.861588
-1.0,1,0.862152
-1.0,1,0.862662
-1.0,1,0.863163
-1.0,1,0.86373
-1.0,1,0.864296
-1.0,1,0.864862
-1.0,1,0.865428
-1.0,1,0.86594
-1.0,1,0.866506
-1.0,1,0.867011
-1.0,1,0.867512
-1.0,1,0.868077
-1.0,1,0.868646
-1.0,1,0.869213
-1.0,1,0.86972
-1.0,1,0.87029
-1.0,1,0.870853
-1.0,1,0.87142
-1.0,1,0.871983
-1.0,1,0.872557
-1.0,1,0.873123
-1.0,1,0.87369
-1.0,1,0.874193
-1.0,1,0.874706
-1.0,1,0.875269
-1.0,1,0.875772
-1.0,1,0.87628
-1.0,1,0.876845
-1.0,1,0.877346
-1.0,1,0.877855
-1.0,1,0.878352
-1.0,1,0.87886
-1.0,1,0.879363
-1.0,1,0.879868
-1.0,1,0.880372
-1.0,1,0.880939
-1.0,1,0.881508
-1.0,1,0.882078
-1.0,1,0.882644
-1.0,1,0.883156
-1.0,1,0.883664
-1.0,1,0.884169
-1.0,1,0.884739
-1.0,1,0.885239
-1.0,1,0.885737
-1.0,1,0.886244
-1.0,1,0.886744
-1.0,1,0.887309
-1.0,1,0.887879
-1.0,1,0.888449
-1.0,1,0.889014
-1.0,1,0.889578
-1.0,1,0.890141
-1.0,1,0.890639
-1.0,1,0.891143
-1.0,1,0.891642
-1.0,1,0.892148
-1.0,1,0.892724
-1.0,1,0.893293
-1.0,1,0.8938
-1.0,1,0.894308
-1.0,1,0.894885
-1.0,1,0.895469
-1.0,1,0.896006
-1.0,1,0.896582
-1.0,1,0.897097
-1.0,1,0.897666
-1.0,1,0.898233
-1.0,1,0.898799
-1.0,1,0.899363
-1.0,1,0.899871
-1.0,1,0.900375
-1.0,1,0.900941
-1.0,1,0.901507
-1.0,1,0.902072
-1.0,1,0.902639
-1.0,1,0.903206
-1.0,1,0.903722
-1.0,1,0.90428
-1.0,1,0.904848
-1.0,1,0.905379
-1.0,1,0.90599
-1.0,1,0.906568
-1.0,1,0.907148
-1.0,1,0.907755
-1.0,1,0.908329
-1.0,1,0.908929
-1.0,1,0.909549
-1.0,1,0.910156
-1.0,1,0.910759
-1.0,1,0.911377
-1.0,1,0.912025
-1.0,1,0.91271
-1.0,1,0.913318
-1.0,1,0.913929
-1.0,1,0.914519
-1.0,1,0.915114
-1.0,1,0.915716
-1.0,1,0.916395
-1.0,1,0.916993
-1.0,1,0.917693
-1.0,1,0.918373
-1.0,1,0.91904
-1.0,1,0.919635
-1.0,1,0.920223
-1.0,1,0.920838
-1.0,1,0.921441
-1.0,1,0.922015
-1.0,1,0.922624
-1.0,1,0.923226
-1.0,1,0.923868
-1.0,1,0.924569
-1.0,1,0.925235
-1.0,1,0.92584
-1.0,1,0.926446
-1.0,1,0.927079
-1.0,1,0.927683
-1.0,1,0.928306
-1.0,1,0.928912
-1.0,1,0.929519
-1.0,1,0.930121
-1.0,1,0.930726
-1.0,1,0.931335
-1.0,1,0.931923
-1.0,1,0.932556
-1.0,1,0.933172
-1.0,1,0.933748
-1.0,1,0.934381
-1.0,1,0.935058
-1.0,1,0.935668
-1.0,1,0.936284
-1.0,1,0.936911
-1.0,1,0.937545
-1.0,1,0.938171
-1.0,1,0.938801
-1.0,1,0.939421
-1.0,1,0.940074
-1.0,1,0.940744
-1.0,1,0.941392
-1.0,1,0.941978
-1.0,1,0.942554
-1.0,1,0.94316
-1.0,1,0.943767
-1.0,1,0.944333
-1.0,1,0.944865
-1.0,1,0.945371
-1.0,1,0.945914
-1.0,1,0.946475
-1.0,1,0.947062
-1.0,1,0.947647
-1.0,1,0.948234
-1.0,1,0.948799
-1.0,1,0.949483
-1.0,1,0.950189
-1.0,1,0.950885
-1.0,1,0.951511
-1.0,1,0.952166
-1.0,1,0.952794
-1.0,1,0.953415
-1.0,1,0.954038
-1.0,1,0.954658
-1.0,1,0.955287
-1.0,1,0.955879
-1.0,1,0.956496
-1.0,1,0.957086
-1.0,1,0.957719
-1.0,1,0.958341
-1.0,1,0.95893
-1.0,1,0.959562
-1.0,1,0.960154
-1.0,1,0.960789
-1.0,1,0.961469
-1.0,1,0.962093
-1.0,1,0.962715
-1.0,1,0.963403
-1.0,1,0.964068
-1.0,1,0.964792
-1.0,1,0.965487
-1.0,1,0.966093
-1.0,1,0.966649
-1.0,1,0.967208
-1.0,1,0.967779
-1.0,1,0.968347
-1.0,1,0.968864
-1.0,1,0.969404
-1.0,1,0.969972
-1.0,1,0.970558
-1.0,1,0.971114
-1.0,1,0.971611
-1.0,1,0.972156
-1.0,1,0.972703
-1.0,1,0.973297
-1.0,1,0.973835
-1.0,1,0.974351
-1.0,1,0.974897
-1.0,1,0.975432
-1.0,1,0.975971
-1.0,1,0.976486
-1.0,1,0.977027
-1.0,1,0.977612
-1.0,1,0.978201
-1.0,1,0.978769
-1.0,1,0.979344
-1.0,1,0.979883
-1.0,1,0.980471
-1.0,1,0.981053
-1.0,1,0.981641
-1.0,1,0.982232
-1.0,1,0.982798
-1.0,1,0.983386
-1.0,1,0.983949
-1.0,1,0.984541
-1.0,1,0.9851
-1.0,1,0.985606
-1.0,1,0.986142
-1.0,1,0.986708
-1.0,1,0.987323
-1.0,1,0.987883
-1.0,1,0.988473
-1.0,1,0.989067
-1.0,1,0.989654
-1.0,1,0.990214
-1.0,1,0.990802
-1.0,1,0.991397
-1.0,1,0.991981
-1.0,1,0.99258
-1.0,1,0.993166
-1.0,1,0.993726
-1.0,1,0.994228
-1.0,1,0.994732
-1.0,1,0.995309
-1.0,1,0.995883
-1.0,1,0.996483
-1.0,1,0.9971
-1.0,1,0.997691
-1.0,1,0.998273
-1.0,1,0.998863
-1.0,1,0.999418
-1.0,1,0.99993
-1.0,1,1.000473
-1.0,1,1.001107
-1.0,1,1.001675
-1.0,1,1.002265
-1.0,1,1.002853
-1.0,1,1.003401
-1.0,1,1.003902
-1.0,1,1.004524
-1.0,1,1.005138
-1.0,1,1.005749
-1.0,1,1.006358
-1.0,1,1.006937
-1.0,1,1.007452
-1.0,1,1.007999
-1.0,1,1.008535
-1.0,1,1.009082
-1.0,1,1.009647
-1.0,1,1.010174
-1.0,1,1.01071
-1.0,1,1.011269
-1.0,1,1.011798
-1.0,1,1.01236
-1.0,1,1.012877
-1.0,1,1.0134
-1.0,1,1.013913
-1.0,1,1.014425
-1.0,1,1.014949
-1.0,1,1.015465
-1.0,1,1.015981
-1.0,1,1.016497
-1.0,1,1.017009
-1.0,1,1.017526
-1.0,1,1.018036
-1.0,1,1.018545
-1.0,1,1.019064
-1.0,1,1.019585
-1.0,1,1.020101
-1.0,1,1.020624
-1.0,1,1.021139
-1.0,1,1.021654
-1.0,1,1.022201
-1.0,1,1.022714
-1.0,1,1.023266
-1.0,1,1.023808
-1.0,1,1.024321
-1.0,1,1.024834
-1.0,1,1.025348
-1.0,1,1.025883
-1.0,1,1.026417
-1.0,1,1.026949
-1.0,1,1.027592
-1.0,1,1.028148
-1.0,1,1.0287
-1.0,1,1.029245
-1.0,1,1.029783
-1.0,1,1.030415
-1.0,1,1.030953
-1.0,1,1.031488
-1.0,1,1.032023
-1.0,1,1.032573
-1.0,1,1.033112
-1.0,1,1.033656
-1.0,1,1.034192
-1.0,1,1.034726
-1.0,1,1.035242
-1.0,1,1.035783
-1.0,1,1.036322
-1.0,1,1.036862
-1.0,1,1.037403
-1.0,1,1.037936
-1.0,1,1.038474
-1.0,1,1.039007
-1.0,1,1.039542
-1.0,1,1.040078
-1.0,1,1.04062
-1.0,1,1.041162
-1.0,1,1.041704
-1.0,1,1.042242
-1.0,1,1.042776
-1.0,1,1.043308
-1.0,1,1.043844
-1.0,1,1.044381
-1.0,1,1.044924
-1.0,1,1.045436
-1.0,1,1.045954
-1.0,1,1.046497
-1.0,1,1.047012
-1.0,1,1.047523
-1.0,1,1.048061
-1.0,1,1.048602
-1.0,1,1.049138
-1.0,1,1.049654
-1.0,1,1.050171
-1.0,1,1.050707
-1.0,1,1.051246
-1.0,1,1.051755
-1.0,1,1.052277
-1.0,1,1.053041
-1.0,1,1.054113
-1.0,1,1.054741
-1.0,1,1.055359
-1.0,1,1.055884
-1.0,1,1.05641
-1.0,1,1.056935
-1.0,1,1.057455
-1.0,1,1.057968
-1.0,1,1.058479
-1.0,1,1.059001
-1.0,1,1.059518
-1.0,1,1.06004
-1.0,1,1.060565
-1.0,1,1.061087
-1.0,1,1.061605
-1.0,1,1.062123
-1.0,1,1.062638
-1.0,1,1.063161
-1.0,1,1.063688
-1.0,1,1.064209
-1.0,1,1.064733
-1.0,1,1.065275
-1.0,1,1.065794
-1.0,1,1.06631
-1.0,1,1.066832
-1.0,1,1.06735
-1.0,1,1.067994
-1.0,1,1.068588
-1.0,1,1.069178
-1.0,1,1.069768
-1.0,1,1.070283
-1.0,1,1.070802
-1.0,1,1.071325
-1.0,1,1.071842
-1.0,1,1.072361
-1.0,1,1.072885
-1.0,1,1.073412
-1.0,1,1.07393
-1.0,1,1.074451
-1.0,1,1.074963
-1.0,1,1.075477
-1.0,1,1.075994
-1.0,1,1.07652
-1.0,1,1.07714
-1.0,1,1.077772
-1.0,1,1.078401
-1.0,1,1.078999
-1.0,1,1.079552
-1.0,1,1.080152
-1.0,1,1.080677
-1.0,1,1.081196
-1.0,1,1.081713
-1.0,1,1.082241
-1.0,1,1.082762
-1.0,1,1.083287
-1.0,1,1.08381
-1.0,1,1.084339
-1.0,1,1.08493
-1.0,1,1.085457
-1.0,1,1.086067
-1.0,1,1.086597
-1.0,1,1.087115
-1.0,1,1.087638
-1.0,1,1.088157
-1.0,1,1.088684
-1.0,1,1.089203
-1.0,1,1.08972
-1.0,1,1.090232
-1.0,1,1.090746
-1.0,1,1.091268
-1.0,1,1.091788
-1.0,1,1.092305
-1.0,1,1.092826
-1.0,1,1.093343
-1.0,1,1.093869
-1.0,1,1.094387
-1.0,1,1.094909
-1.0,1,1.095429
-1.0,1,1.095951
-1.0,1,1.096475
-1.0,1,1.096995
-1.0,1,1.097516
-1.0,1,1.098039
-1.0,1,1.098555
-1.0,1,1.099131
-1.0,1,1.099714
-1.0,1,1.100244
-1.0,1,1.100766
-1.0,1,1.101288
-1.0,1,1.101802
-1.0,1,1.10232
-1.0,1,1.10284
-1.0,1,1.10336
-1.0,1,1.103879
-1.0,1,1.104402
-1.0,1,1.104923
-1.0,1,1.105442
-1.0,1,1.105962
-1.0,1,1.106478
-1.0,1,1.106995
-1.0,1,1.107514
-1.0,1,1.108031
-1.0,1,1.108557
-1.0,1,1.109076
-1.0,1,1.109594
-1.0,1,1.110112
-1.0,1,1.110628
-1.0,1,1.111146
-1.0,1,1.111658
-1.0,1,1.112174
-1.0,1,1.112697
-1.0,1,1.113218
-1.0,1,1.113743
-1.0,1,1.11426
-1.0,1,1.114779
-1.0,1,1.115292
-1.0,1,1.115808
-1.0,1,1.116321
-1.0,1,1.116838
-1.0,1,1.117358
-1.0,1,1.117938
-1.0,1,1.118454
-1.0,1,1.118969
-1.0,1,1.119483
-1.0,1,1.120002
-1.0,1,1.120524
-1.0,1,1.121104
-1.0,1,1.121622
-1.0,1,1.122145
-1.0,1,1.122661
-1.0,1,1.123177
-1.0,1,1.123691
-1.0,1,1.124209
-1.0,1,1.124735
-1.0,1,1.125264
-1.0,1,1.125781
-1.0,1,1.126312
-1.0,1,1.126828
-1.0,1,1.127342
-1.0,1,1.12786
-1.0,1,1.128382
-1.0,1,1.128896
-1.0,1,1.129412
-1.0,1,1.129929
-1.0,1,1.130447
-1.0,1,1.130962
-1.0,1,1.131481
-1.0,1,1.131998
-1.0,1,1.132522
-1.0,1,1.133105
-1.0,1,1.133623
-1.0,1,1.134141
-1.0,1,1.134662
-1.0,1,1.135186
-1.0,1,1.135701
-1.0,1,1.136212
-1.0,1,1.1368
-1.0,1,1.137376
-1.0,1,1.137964
-1.0,1,1.138547
-1.0,1,1.139132
-1.0,1,1.139717
-1.0,1,1.140303
-1.0,1,1.140895
-1.0,1,1.141477
-1.0,1,1.142057
-1.0,1,1.142639
-1.0,1,1.143219
-1.0,1,1.143803
-1.0,1,1.144386
-1.0,1,1.144971
-1.0,1,1.145547
-1.0,1,1.146127
-1.0,1,1.146702
-1.0,1,1.147284
-1.0,1,1.14786
-1.0,1,1.148447
-1.0,1,1.149038
-1.0,1,1.149622
-1.0,1,1.150203
-1.0,1,1.150781
-1.0,1,1.15136
-1.0,1,1.151949
-1.0,1,1.152534
-1.0,1,1.153126
-1.0,1,1.153717
-1.0,1,1.154302
-1.0,1,1.154877
-1.0,1,1.155458
-1.0,1,1.156034
-1.0,1,1.156615
-1.0,1,1.157192
-1.0,1,1.157778
-1.0,1,1.158356
-1.0,1,1.158939
-1.0,1,1.15952
-1.0,1,1.160097
-1.0,1,1.160678
-1.0,1,1.161258
-1.0,1,1.161842
-1.0,1,1.162361
-1.0,1,1.162944
-1.0,1,1.163526
-1.0,1,1.16411
-1.0,1,1.164696
-1.0,1,1.165215
-1.0,1,1.1658
-1.0,1,1.166379
-1.0,1,1.166962
-1.0,1,1.167545
-1.0,1,1.168064
-1.0,1,1.168648
-1.0,1,1.169228
-1.0,1,1.169803
-1.0,1,1.170384
-1.0,1,1.170958
-1.0,1,1.171533
-1.0,1,1.172111
-1.0,1,1.172697
-1.0,1,1.173284
-1.0,1,1.17387
-1.0,1,1.174452
-1.0,1,1.174992
-1.0,1,1.175593
-1.0,1,1.176199
-1.0,1,1.176789
-1.0,1,1.177307
-1.0,1,1.177826
-1.0,1,1.178344
-1.0,1,1.178862
-1.0,1,1.179383
-1.0,1,1.179911
-1.0,1,1.180438
-1.0,1,1.180959
-1.0,1,1.181477
-1.0,1,1.181996
-1.0,1,1.182514
-1.0,1,1.183026
-1.0,1,1.183537
-1.0,1,1.184054
-1.0,1,1.184688
-1.0,1,1.185289
-1.0,1,1.185889
-1.0,1,1.186427
-1.0,1,1.187049
-1.0,1,1.187675
-1.0,1,1.188242
-1.0,1,1.188887
-1.0,1,1.189449
-1.0,1,1.190096
-1.0,1,1.19072
-1.0,1,1.191325
-1.0,1,1.191965
-1.0,1,1.192627
-1.0,1,1.193201
-1.0,1,1.193758
-1.0,1,1.194345
-1.0,1,1.194995
-1.0,1,1.195583
-1.0,1,1.196171
-1.0,1,1.196721
-1.0,1,1.197343
-1.0,1,1.197928
-1.0,1,1.198486
-1.0,1,1.19907
-1.0,1,1.199628
-1.0,1,1.200219
-1.0,1,1.200868
-1.0,1,1.2014
-1.0,1,1.202049
-1.0,1,1.202695
-1.0,1,1.203243
-1.0,1,1.203779
-1.0,1,1.204303
-1.0,1,1.204954
-1.0,1,1.2056
-1.0,1,1.206225
-1.0,1,1.206801
-1.0,1,1.207332
-1.0,1,1.207918
-1.0,1,1.208544
-1.0,1,1.20913
-1.0,1,1.209671
-1.0,1,1.210255
-1.0,1,1.210845
-1.0,1,1.211373
-1.0,1,1.211924
-1.0,1,1.212457
-1.0,1,1.213037
-1.0,1,1.213569
-1.0,1,1.21415
-1.0,1,1.214739
-1.0,1,1.215296
-1.0,1,1.215834
-1.0,1,1.216385
-1.0,1,1.216915
-1.0,1,1.217497
-1.0,1,1.218072
-1.0,1,1.21865
-1.0,1,1.219172
-1.0,1,1.219693
-1.0,1,1.220189
-1.0,1,1.220722
-1.0,1,1.221235
-1.0,1,1.221792
-1.0,1,1.222375
-1.0,1,1.222929
-1.0,1,1.223457
-1.0,1,1.223978
-1.0,1,1.224482
-1.0,1,1.224981
-1.0,1,1.225486
-1.0,1,1.225987
-1.0,1,1.226545
-1.0,1,1.227074
-1.0,1,1.227571
-1.0,1,1.228073
-1.0,1,1.228609
-1.0,1,1.22919
-1.0,1,1.229801
-1.0,1,1.230398
-1.0,1,1.230987
-1.0,1,1.231515
-1.0,1,1.232038
-1.0,1,1.232539
-1.0,1,1.233038
-1.0,1,1.233565
-1.0,1,1.234071
-1.0,1,1.234699
-1.0,1,1.23528
-1.0,1,1.235859
-1.0,1,1.236445
-1.0,1,1.236997
-1.0,1,1.237663
-1.0,1,1.238254
-1.0,1,1.23884
-1.0,1,1.23941
-1.0,1,1.239995
-1.0,1,1.240555
-1.0,1,1.241082
-1.0,1,1.241603
-1.0,1,1.2421
-1.0,1,1.242596
-1.0,1,1.243094
-1.0,1,1.243651
-1.0,1,1.24421
-1.0,1,1.244746
-1.0,1,1.245298
-1.0,1,1.245854
-1.0,1,1.246355
-1.0,1,1.246853
-1.0,1,1.247465
-1.0,1,1.248032
-1.0,1,1.248612
-1.0,1,1.249111
-1.0,1,1.249604
-1.0,1,1.250105
-1.0,1,1.250658
-1.0,1,1.251185
-1.0,1,1.251706
-1.0,1,1.252255
-1.0,1,1.252815
-1.0,1,1.253376
-1.0,1,1.25388
-1.0,1,1.254384
-1.0,1,1.254888
-1.0,1,1.255441
-1.0,1,1.256016
-1.0,1,1.256593
-1.0,1,1.257148
-1.0,1,1.257723
-1.0,1,1.258301
-1.0,1,1.258877
-1.0,1,1.259405
-1.0,1,1.259987
-1.0,1,1.260567
-1.0,1,1.261152
-1.0,1,1.261744
-1.0,1,1.262332
-1.0,1,1.262884
-1.0,1,1.263413
-1.0,1,1.263951
-1.0,1,1.264543
-1.0,1,1.265179
-1.0,1,1.265758
-1.0,1,1.266282
-1.0,1,1.266806
-1.0,1,1.267328
-1.0,1,1.267876
-1.0,1,1.268428
-1.0,1,1.269006
-1.0,1,1.269557
-1.0,1,1.270064
-1.0,1,1.270563
-1.0,1,1.271061
-1.0,1,1.271565
-1.0,1,1.272119
-1.0,1,1.272675
-1.0,1,1.273255
-1.0,1,1.273779
-1.0,1,1.274278
-1.0,1,1.274802
-1.0,1,1.275374
-1.0,1,1.275926
-1.0,1,1.276508
-1.0,1,1.277036
-1.0,1,1.277614
-1.0,1,1.278189
-1.0,1,1.278718
-1.0,1,1.279266
-1.0,1,1.279809
-1.0,1,1.280368
-1.0,1,1.280895
-1.0,1,1.281447
-1.0,1,1.281974
-1.0,1,1.282475
-1.0,1,1.283
-1.0,1,1.283497
-1.0,1,1.284022
-1.0,1,1.284607
-1.0,1,1.285184
-1.0,1,1.285762
-1.0,1,1.286318
-1.0,1,1.286866
-1.0,1,1.287422
-1.0,1,1.28792
-1.0,1,1.288475
-1.0,1,1.289026
-1.0,1,1.289597
-1.0,1,1.290159
-1.0,1,1.290698
-1.0,1,1.291234
-1.0,1,1.291745
-1.0,1,1.29226
-1.0,1,1.292773
-1.0,1,1.293311
-1.0,1,1.293845
-1.0,1,1.294414
-1.0,1,1.294991
-1.0,1,1.295569
-1.0,1,1.296158
-1.0,1,1.296746
-1.0,1,1.297301
-1.0,1,1.29785
-1.0,1,1.298403
-1.0,1,1.298955
-1.0,1,1.299516
-1.0,1,1.300039
-1.0,1,1.300566
-1.0,1,1.301092
-1.0,1,1.30163
-1.0,1,1.30216
-1.0,1,1.302654
-1.0,1,1.303185
-1.0,1,1.303682
-1.0,1,1.30424
-1.0,1,1.304765
-1.0,1,1.305293
-1.0,1,1.305792
-1.0,1,1.306319
-1.0,1,1.306813
-1.0,1,1.307346
-1.0,1,1.307894
-1.0,1,1.308427
-1.0,1,1.308981
-1.0,1,1.30953
-1.0,1,1.31008
-1.0,1,1.310628
-1.0,1,1.311181
-1.0,1,1.311709
-1.0,1,1.312238
-1.0,1,1.312774
-1.0,1,1.313333
-1.0,1,1.313886
-1.0,1,1.31444
-1.0,1,1.314993
-1.0,1,1.315547
-1.0,1,1.316096
-1.0,1,1.316658
-1.0,1,1.317209
-1.0,1,1.31776
-1.0,1,1.318314
-1.0,1,1.318815
-1.0,1,1.319336
-1.0,1,1.319888
-1.0,1,1.320445
-1.0,1,1.321005
-1.0,1,1.321564
-1.0,1,1.322171
-1.0,1,1.322807
-1.0,1,1.323411
-1.0,1,1.324009
-1.0,1,1.324618
-1.0,1,1.325185
-1.0,1,1.325773
-1.0,1,1.326361
-1.0,1,1.326926
-1.0,1,1.327462
-1.0,1,1.327994
-1.0,1,1.3286
-1.0,1,1.329131
-1.0,1,1.329664
-1.0,1,1.330176
-1.0,1,1.330688
-1.0,1,1.331223
-1.0,1,1.331737
-1.0,1,1.33227
-1.0,1,1.332802
-1.0,1,1.333334
-1.0,1,1.333866
-1.0,1,1.334376
-1.0,1,1.334883
-1.0,1,1.335415
-1.0,1,1.33592
-1.0,1,1.336457
-1.0,1,1.336988
-1.0,1,1.337518
-1.0,1,1.338025
-1.0,1,1.338541
-1.0,1,1.339074
-1.0,1,1.339605
-1.0,1,1.340136
-1.0,1,1.340669
-1.0,1,1.341176
-1.0,1,1.341686
-1.0,1,1.342228
-1.0,1,1.342757
-1.0,1,1.343288
-1.0,1,1.343832
-1.0,1,1.344344
-1.0,1,1.344876
-1.0,1,1.345414
-1.0,1,1.345956
-1.0,1,1.346467
-1.0,1,1.347401
-1.0,1,1.348608
-1.0,1,1.349346
-1.0,1,1.350021
-1.0,1,1.350745
-1.0,1,1.351455
-1.0,1,1.352035
-1.0,1,1.3526
-1.0,1,1.353225
-1.0,1,1.353761
-1.0,1,1.354351
-1.0,1,1.354877
-1.0,1,1.355471
-1.0,1,1.355976
-1.0,1,1.356561
-1.0,1,1.357119
-1.0,1,1.357738
-1.0,1,1.358263
-1.0,1,1.358832
-1.0,1,1.3594
-1.0,1,1.35997
-1.0,1,1.360485
-1.0,1,1.361012
-1.0,1,1.361539
-1.0,1,1.362106
-1.0,1,1.362671
-1.0,1,1.36324
-1.0,1,1.363812
-1.0,1,1.364374
-1.0,1,1.364938
-1.0,1,1.365444
-1.0,1,1.366009
-1.0,1,1.366541
-1.0,1,1.367038
-1.0,1,1.367539
-1.0,1,1.368041
-1.0,1,1.368573
-1.0,1,1.36907
-1.0,1,1.369599
-1.0,1,1.370159
-1.0,1,1.370723
-1.0,1,1.371225
-1.0,1,1.371788
-1.0,1,1.37236
-1.0,1,1.372932
-1.0,1,1.373432
-1.0,1,1.373931
-1.0,1,1.374429
-1.0,1,1.374932
-1.0,1,1.375432
-1.0,1,1.375927
-1.0,1,1.376429
-1.0,1,1.376938
-1.0,1,1.377515
-1.0,1,1.378086
-1.0,1,1.378664
-1.0,1,1.379244
-1.0,1,1.37982
-1.0,1,1.380333
-1.0,1,1.380903
-1.0,1,1.381409
-1.0,1,1.381978
-1.0,1,1.382481
-1.0,1,1.382982
-1.0,1,1.383487
-1.0,1,1.383986
-1.0,1,1.384494
-1.0,1,1.385055
-1.0,1,1.385622
-1.0,1,1.386193
-1.0,1,1.386759
-1.0,1,1.387279
-1.0,1,1.387866
-1.0,1,1.388379
-1.0,1,1.388887
-1.0,1,1.389393
-1.0,1,1.389894
-1.0,1,1.390392
-1.0,1,1.390893
-1.0,1,1.391396
-1.0,1,1.391902
-1.0,1,1.392405
-1.0,1,1.392909
-1.0,1,1.393414
-1.0,1,1.393912
-1.0,1,1.394418
-1.0,1,1.394921
-1.0,1,1.39544
-1.0,1,1.396081
-1.0,1,1.396696
-1.0,1,1.397306
-1.0,1,1.39788
-1.0,1,1.398451
-1.0,1,1.39896
-1.0,1,1.399469
-1.0,1,1.399976
-1.0,1,1.400485
-1.0,1,1.40099
-1.0,1,1.401496
-1.0,1,1.402004
-1.0,1,1.40251
-1.0,1,1.403013
-1.0,1,1.403519
-1.0,1,1.404112
-1.0,1,1.404747
-1.0,1,1.405369
-1.0,1,1.406022
-1.0,1,1.406652
-1.0,1,1.407249
-1.0,1,1.407832
-1.0,1,1.408341
-1.0,1,1.408871
-1.0,1,1.409384
-1.0,1,1.409889
-1.0,1,1.410402
-1.0,1,1.410909
-1.0,1,1.411481
-1.0,1,1.412048
-1.0,1,1.412586
-1.0,1,1.413159
-1.0,1,1.413687
-1.0,1,1.414191
-1.0,1,1.414695
-1.0,1,1.415199
-1.0,1,1.415706
-1.0,1,1.416209
-1.0,1,1.416721
-1.0,1,1.417228
-1.0,1,1.417738
-1.0,1,1.418242
-1.0,1,1.418752
-1.0,1,1.419257
-1.0,1,1.419762
-1.0,1,1.420337
-1.0,1,1.420846
-1.0,1,1.421382
-1.0,1,1.421926
-1.0,1,1.42244
-1.0,1,1.422959
-1.0,1,1.42349
-1.0,1,1.42409
-1.0,1,1.424668
-1.0,1,1.42524
-1.0,1,1.42578
-1.0,1,1.426326
-1.0,1,1.426866
-1.0,1,1.427402
-1.0,1,1.427992
-1.0,1,1.42862
-1.0,1,1.429235
-1.0,1,1.42978
-1.0,1,1.430322
-1.0,1,1.430874
-1.0,1,1.431395
-1.0,1,1.431916
-1.0,1,1.432441
-1.0,1,1.432959
-1.0,1,1.433478
-1.0,1,1.433994
-1.0,1,1.434512
-1.0,1,1.435047
-1.0,1,1.435566
-1.0,1,1.436101
-1.0,1,1.436652
-1.0,1,1.437241
-1.0,1,1.437826
-1.0,1,1.438346
-1.0,1,1.438883
-1.0,1,1.439421
-1.0,1,1.439946
-1.0,1,1.440474
-1.0,1,1.440996
-1.0,1,1.441511
-1.0,1,1.442025
-1.0,1,1.442539
-1.0,1,1.443053
-1.0,1,1.44357
-1.0,1,1.444118
-1.0,1,1.44472
-1.0,1,1.445343
-1.0,1,1.445935
-1.0,1,1.446491
-1.0,1,1.447058
-1.0,1,1.44771
-1.0,1,1.448365
-1.0,1,1.449025
-1.0,1,1.449615
-1.0,1,1.450167
-1.0,1,1.450732
-1.0,1,1.451298
-1.0,1,1.451923
-1.0,1,1.452483
-1.0,1,1.453
-1.0,1,1.453518
-1.0,1,1.454065
-1.0,1,1.454604
-1.0,1,1.455141
-1.0,1,1.455682
-1.0,1,1.456228
-1.0,1,1.456751
-1.0,1,1.457298
-1.0,1,1.457837
-1.0,1,1.458405
-1.0,1,1.45895
-1.0,1,1.459488
-1.0,1,1.46003
-1.0,1,1.460585
-1.0,1,1.461166
-1.0,1,1.461689
-1.0,1,1.462228
-1.0,1,1.462782
-1.0,1,1.463333
-1.0,1,1.463876
-1.0,1,1.464482
-1.0,1,1.465089
-1.0,1,1.465632
-1.0,1,1.46621
-1.0,1,1.466789
-1.0,1,1.467303
-1.0,1,1.46782
-1.0,1,1.468374
-1.0,1,1.468894
-1.0,1,1.469427
-1.0,1,1.469966
-1.0,1,1.470513
-1.0,1,1.471073
-1.0,1,1.47162
-1.0,1,1.472183
-1.0,1,1.472733
-1.0,1,1.47325
-1.0,1,1.473766
-1.0,1,1.474492
-1.0,1,1.475108
-1.0,1,1.475717
-1.0,1,1.476254
-1.0,1,1.47682
-1.0,1,1.477427
-1.0,1,1.477967
-1.0,1,1.478566
-1.0,1,1.479166
-1.0,1,1.479767
-1.0,1,1.48039
-1.0,1,1.480952
-1.0,1,1.481572
-1.0,1,1.482175
-1.0,1,1.482795
-1.0,1,1.483388
-1.0,1,1.48401
-1.0,1,1.484645
-1.0,1,1.485339
-1.0,1,1.485941
-1.0,1,1.486564
-1.0,1,1.487204
-1.0,1,1.487828
-1.0,1,1.488453
-1.0,1,1.489051
-1.0,1,1.489649
-1.0,1,1.490268
-1.0,1,1.490849
-1.0,1,1.491394
-1.0,1,1.491993
-1.0,1,1.492547
-1.0,1,1.493085
-1.0,1,1.493682
-1.0,1,1.494281
-1.0,1,1.494825
-1.0,1,1.495419
-1.0,1,1.496028
-1.0,1,1.496633
-1.0,1,1.497236
-1.0,1,1.497834
-1.0,1,1.49843
-1.0,1,1.499053
-1.0,1,1.499671
-1.0,1,1.500246
-1.0,1,1.500865
-1.0,1,1.501392
-1.0,1,1.502009
-1.0,1,1.502558
-1.0,1,1.50311
-1.0,1,1.503659
-1.0,1,1.504259
-1.0,1,1.504795
-1.0,1,1.505393
-1.0,1,1.505989
-1.0,1,1.506589
-1.0,1,1.507123
-1.0,1,1.507717
-1.0,1,1.508258
-1.0,1,1.50879
-1.0,1,1.50939
-1.0,1,1.509922
-1.0,1,1.510559
-1.0,1,1.511221
-1.0,1,1.511873
-1.0,1,1.51245
-1.0,1,1.513021
-1.0,1,1.513644
-1.0,1,1.514246
-1.0,1,1.514775
-1.0,1,1.515306
-1.0,1,1.515906
-1.0,1,1.51651
-1.0,1,1.517049
-1.0,1,1.517583
-1.0,1,1.518215
-1.0,1,1.518815
-1.0,1,1.519436
-1.0,1,1.520093
-1.0,1,1.520788
-1.0,1,1.521442
-1.0,1,1.521983
-1.0,1,1.522536
-1.0,1,1.523172
-1.0,1,1.523811
-1.0,1,1.524391
-1.0,1,1.524972
-1.0,1,1.525554
-1.0,1,1.526123
-1.0,1,1.52669
-1.0,1,1.527316
-1.0,1,1.527883
-1.0,1,1.528424
-1.0,1,1.528956
-1.0,1,1.529491
-1.0,1,1.53005
-1.0,1,1.53061
-1.0,1,1.531236
-1.0,1,1.5318
-1.0,1,1.532357
-1.0,1,1.532979
-1.0,1,1.533607
-1.0,1,1.534142
-1.0,1,1.534745
-1.0,1,1.53535
-1.0,1,1.535933
-1.0,1,1.536624
-1.0,1,1.537216
-1.0,1,1.537865
-1.0,1,1.538488
-1.0,1,1.539074
-1.0,1,1.539654
-1.0,1,1.54021
-1.0,1,1.540821
-1.0,1,1.541417
-1.0,1,1.542008
-1.0,1,1.542654
-1.0,1,1.543275
-1.0,1,1.54384
-1.0,1,1.544437
-1.0,1,1.545039
-1.0,1,1.545619
-1.0,1,1.546204
-1.0,1,1.546849
-1.0,1,1.547408
-1.0,1,1.54797
-1.0,1,1.548577
-1.0,1,1.54913
-1.0,1,1.549681
-1.0,1,1.550219
-1.0,1,1.550818
-1.0,1,1.551424
-1.0,1,1.552046
-1.0,1,1.552674
-1.0,1,1.553296
-1.0,1,1.553917
-1.0,1,1.554565
-1.0,1,1.555187
-1.0,1,1.555809
-1.0,1,1.556379
-1.0,1,1.557005
-1.0,1,1.55758
-1.0,1,1.558151
-1.0,1,1.558704
-1.0,1,1.559258
-1.0,1,1.559875
-1.0,1,1.560441
-1.0,1,1.561067
-1.0,1,1.561689
-1.0,1,1.562246
-1.0,1,1.5628
-1.0,1,1.563395
-1.0,1,1.564044
-1.0,1,1.564647
-1.0,1,1.565244
-1.0,1,1.565819
-1.0,1,1.566381
-1.0,1,1.566974
-1.0,1,1.567621
-1.0,1,1.568269
-1.0,1,1.568996
-1.0,1,1.569715
-1.0,1,1.57042
-1.0,1,1.571112
-1.0,1,1.571814
-1.0,1,1.572442
-1.0,1,1.573072
-1.0,1,1.573771
-1.0,1,1.574404
-1.0,1,1.575057
-1.0,1,1.575691
-1.0,1,1.576386
-1.0,1,1.577086
-1.0,1,1.577788
-1.0,1,1.578423
-1.0,1,1.579117
-1.0,1,1.579749
-1.0,1,1.580445
-1.0,1,1.581083
-1.0,1,1.581779
-1.0,1,1.582478
-1.0,1,1.583111
-1.0,1,1.583805
-1.0,1,1.584501
-1.0,1,1.58513
-1.0,1,1.585761
-1.0,1,1.586457
-1.0,1,1.587005
-1.0,1,1.587711
-1.0,1,1.58841
-1.0,1,1.589019
-1.0,1,1.589617
-1.0,1,1.590252
-1.0,1,1.59084
-1.0,1,1.59144
-1.0,1,1.592072
-1.0,1,1.592773
-1.0,1,1.593468
-1.0,1,1.594095
-1.0,1,1.594642
-1.0,1,1.595341
-1.0,1,1.596103
-1.0,1,1.596855
-1.0,1,1.597543
-1.0,1,1.598191
-1.0,1,1.598886
-1.0,1,1.599517
-1.0,1,1.600163
-1.0,1,1.600863
-1.0,1,1.601573
-1.0,1,1.602274
-1.0,1,1.602964
-1.0,1,1.603606
-1.0,1,1.604301
-1.0,1,1.605002
-1.0,1,1.605649
-1.0,1,1.606285
-1.0,1,1.606976
-1.0,1,1.607676
-1.0,1,1.60837
-1.0,1,1.609063
-1.0,1,1.609707
-1.0,1,1.610342
-1.0,1,1.610974
-1.0,1,1.611664
-1.0,1,1.612357
-1.0,1,1.613001
-1.0,1,1.613693
-1.0,1,1.614387
-1.0,1,1.615022
-1.0,1,1.615653
-1.0,1,1.616281
-1.0,1,1.616973
-1.0,1,1.617607
-1.0,1,1.618286
-1.0,1,1.618979
-1.0,1,1.619692
-1.0,1,1.62034
-1.0,1,1.620969
-1.0,1,1.621665
-1.0,1,1.622359
-1.0,1,1.623009
-1.0,1,1.6237
-1.0,1,1.624396
-1.0,1,1.625105
-1.0,1,1.625809
-1.0,1,1.626514
-1.0,1,1.62716
-1.0,1,1.627796
-1.0,1,1.628426
-1.0,1,1.629055
-1.0,1,1.629753
-1.0,1,1.630385
-1.0,1,1.631036
-1.0,1,1.631719
-1.0,1,1.632351
-1.0,1,1.632983
-1.0,1,1.633675
-1.0,1,1.634303
-1.0,1,1.63483
-1.0,1,1.635463
-1.0,1,1.636082
-1.0,1,1.636709
-1.0,1,1.637341
-1.0,1,1.638035
-1.0,1,1.638611
-1.0,1,1.639182
-1.0,1,1.639795
-1.0,1,1.640495
-1.0,1,1.641073
-1.0,1,1.641773
-1.0,1,1.642469
-1.0,1,1.643096
-1.0,1,1.643784
-1.0,1,1.644476
-1.0,1,1.645173
-1.0,1,1.645865
-1.0,1,1.646559
-1.0,1,1.647178
-1.0,1,1.647795
-1.0,1,1.648487
-1.0,1,1.649117
-1.0,1,1.649746
-1.0,1,1.650439
-1.0,1,1.651133
-1.0,1,1.651846
-1.0,1,1.652546
-1.0,1,1.653239
-1.0,1,1.653809
-1.0,1,1.654511
-1.0,1,1.655203
-1.0,1,1.655832
-1.0,1,1.656467
-1.0,1,1.65716
-1.0,1,1.657854
-1.0,1,1.658544
-1.0,1,1.659236
-1.0,1,1.65993
-1.0,1,1.660558
-1.0,1,1.661292
-1.0,1,1.662015
-1.0,1,1.662708
-1.0,1,1.663396
-1.0,1,1.664094
-1.0,1,1.664757
-1.0,1,1.665462
-1.0,1,1.666113
-1.0,1,1.666808
-1.0,1,1.667444
-1.0,1,1.668143
-1.0,1,1.668861
-1.0,1,1.669516
-1.0,1,1.670212
-1.0,1,1.670844
-1.0,1,1.671549
-1.0,1,1.672178
-1.0,1,1.672813
-1.0,1,1.673466
-1.0,1,1.674119
-1.0,1,1.674765
-1.0,1,1.67546
-1.0,1,1.676153
-1.0,1,1.676856
-1.0,1,1.677548
-1.0,1,1.678242
-1.0,1,1.678938
-1.0,1,1.67958
-1.0,1,1.680282
-1.0,1,1.680915
-1.0,1,1.681607
-1.0,1,1.682289
-1.0,1,1.683009
-1.0,1,1.683698
-1.0,1,1.684275
-1.0,1,1.684906
-1.0,1,1.685543
-1.0,1,1.686141
-1.0,1,1.686748
-1.0,1,1.687364
-1.0,1,1.688061
-1.0,1,1.688694
-1.0,1,1.689355
-1.0,1,1.689895
-1.0,1,1.690443
-1.0,1,1.691141
-1.0,1,1.691782
-1.0,1,1.692422
-1.0,1,1.69312
-1.0,1,1.69375
-1.0,1,1.694448
-1.0,1,1.695142
-1.0,1,1.695775
-1.0,1,1.696415
-1.0,1,1.697048
-1.0,1,1.697747
-1.0,1,1.698443
-1.0,1,1.699088
-1.0,1,1.69978
-1.0,1,1.700407
-1.0,1,1.701102
-1.0,1,1.701807
-1.0,1,1.702504
-1.0,1,1.703156
-1.0,1,1.703861
-1.0,1,1.70456
-1.0,1,1.705258
-1.0,1,1.705888
-1.0,1,1.706588
-1.0,1,1.707283
-1.0,1,1.707993
-1.0,1,1.708649
-1.0,1,1.709344
-1.0,1,1.709996
-1.0,1,1.710643
-1.0,1,1.711336
-1.0,1,1.712031
-1.0,1,1.712735
-1.0,1,1.713368
-1.0,1,1.714017
-1.0,1,1.714712
-1.0,1,1.71541
-1.0,1,1.716106
-1.0,1,1.716761
-1.0,1,1.717399
-1.0,1,1.718093
-1.0,1,1.718764
-1.0,1,1.719396
-1.0,1,1.720033
-1.0,1,1.720735
-1.0,1,1.721371
-1.0,1,1.722001
-1.0,1,1.722692
-1.0,1,1.723345
-1.0,1,1.724042
-1.0,1,1.724681
-1.0,1,1.725309
-1.0,1,1.725932
-1.0,1,1.726555
-1.0,1,1.727168
-1.0,1,1.727779
-1.0,1,1.728394
-1.0,1,1.728954
-1.0,1,1.729539
-1.0,1,1.730102
-1.0,1,1.730716
-1.0,1,1.731319
-1.0,1,1.73198
-1.0,1,1.732612
-1.0,1,1.733161
-1.0,1,1.733762
-1.0,1,1.734423
-1.0,1,1.735034
-1.0,1,1.735676
-1.0,1,1.736253
-1.0,1,1.736911
-1.0,1,1.737556
-1.0,1,1.738214
-1.0,1,1.73887
-1.0,1,1.739491
-1.0,1,1.740101
-1.0,1,1.740695
-1.0,1,1.741284
-1.0,1,1.741934
-1.0,1,1.742584
-1.0,1,1.743261
-1.0,1,1.743879
-1.0,1,1.744514
-1.0,1,1.745146
-1.0,1,1.745887
-1.0,1,1.746573
-1.0,1,1.747249
-1.0,1,1.74791
-1.0,1,1.748544
-1.0,1,1.749204
-1.0,1,1.749848
-1.0,1,1.750529
-1.0,1,1.751209
-1.0,1,1.751871
-1.0,1,1.752558
-1.0,1,1.753237
-1.0,1,1.753908
-1.0,1,1.754585
-1.0,1,1.755239
-1.0,1,1.755948
-1.0,1,1.756633
-1.0,1,1.757321
-1.0,1,1.757997
-1.0,1,1.75868
-1.0,1,1.759363
-1.0,1,1.760041
-1.0,1,1.760635
-1.0,1,1.761286
-1.0,1,1.761884
-1.0,1,1.762477
-1.0,1,1.763046
-1.0,1,1.763704
-1.0,1,1.764356
-1.0,1,1.845748
-3.0,3,1.847615
-3.0,3,1.849464
-3.0,3,1.851422
-3.0,3,1.853443
-3.0,3,1.855436
-3.0,3,1.857648
-3.0,3,1.859593
-3.0,3,1.86134
-3.0,3,1.862837
-3.0,3,1.864588
-3.0,3,1.866262
-3.0,3,1.86791
-3.0,3,1.869498
-3.0,3,1.870968
-3.0,3,1.873129
-3.0,3,1.874667
-3.0,3,1.876128
-3.0,3,1.877606
-3.0,3,1.879035
-3.0,3,1.88047
-3.0,3,1.881929
-3.0,3,1.883354
-3.0,3,1.884775
-3.0,3,1.886202
-3.0,3,1.887622
-3.0,3,1.889342
-3.0,3,1.891103
-3.0,3,1.892686
-3.0,3,1.894262
-3.0,3,1.895828
-3.0,3,1.897519
-3.0,3,1.899246
-3.0,3,1.900801
-3.0,3,1.902674
-3.0,3,1.90437
-3.0,3,1.905996
-3.0,3,1.907516
-3.0,3,1.90902
-3.0,3,1.910503
-3.0,3,1.91202
-3.0,3,1.913583
-3.0,3,1.915111
-3.0,3,1.916646
-3.0,3,1.918183
-3.0,3,1.919676
-3.0,3,1.921225
-3.0,3,1.922723
-3.0,3,1.924232
-3.0,3,1.925749
-3.0,3,1.927304
-3.0,3,1.928822
-3.0,3,1.930359
-3.0,3,1.931893
-3.0,3,1.933421
-3.0,3,1.934946
-3.0,3,1.936387
-3.0,3,1.937886
-3.0,3,1.939413
-3.0,3,1.940969
-3.0,3,1.942496
-3.0,3,1.944011
-3.0,3,1.945534
-3.0,3,1.947066
-3.0,3,1.948583
-3.0,3,1.950052
-3.0,3,1.951497
-3.0,3,1.952983
-3.0,3,1.954443
-3.0,3,1.955906
-3.0,3,1.95742
-3.0,3,1.958955
-3.0,3,1.96049
-3.0,3,1.961988
-3.0,3,1.96349
-3.0,3,1.964907
-3.0,3,1.966534
-3.0,3,1.968064
-3.0,3,1.969537
-3.0,3,1.971028
-3.0,3,1.972537
-3.0,3,1.97403
-3.0,3,1.975666
-3.0,3,1.977101
-3.0,3,1.978613
-3.0,3,1.980127
-3.0,3,1.981627
-3.0,3,1.983062
-3.0,3,1.984495
-3.0,3,1.985911
-3.0,3,1.987356
-3.0,3,1.98914
-3.0,3,1.990963
-3.0,3,1.992423
-3.0,3,1.993865
-3.0,3,1.995275
-3.0,3,1.996711
-3.0,3,1.998205
-3.0,3,1.999786
-3.0,3,2.001595
-3.0,3,2.003362
-3.0,3,2.004964
-3.0,3,2.006734
-3.0,3,2.008377
-3.0,3,2.010314
-3.0,3,2.01212
-3.0,3,2.013723
-3.0,3,2.015327
-3.0,3,2.01693
-3.0,3,2.018527
-3.0,3,2.020131
-3.0,3,2.021732
-3.0,3,2.023329
-3.0,3,2.024928
-3.0,3,2.02652
-3.0,3,2.028112
-3.0,3,2.029705
-3.0,3,2.031291
-3.0,3,2.032883
-3.0,3,2.034482
-3.0,3,2.036038
-3.0,3,2.037558
-3.0,3,2.039158
-3.0,3,2.040755
-3.0,3,2.042344
-3.0,3,2.043927
-3.0,3,2.045484
-3.0,3,2.047038
-3.0,3,2.048734
-3.0,3,2.050334
-3.0,3,2.051994
-3.0,3,2.053684
-3.0,3,2.055279
-3.0,3,2.056871
-3.0,3,2.058468
-3.0,3,2.060085
-3.0,3,2.061801
-3.0,3,2.063398
-3.0,3,2.065022
-3.0,3,2.066616
-3.0,3,2.068201
-3.0,3,2.069858
-3.0,3,2.071451
-3.0,3,2.073046
-3.0,3,2.074635
-3.0,3,2.076225
-3.0,3,2.077819
-3.0,3,2.079408
-3.0,3,2.081013
-3.0,3,2.082603
-3.0,3,2.084189
-3.0,3,2.085803
-3.0,3,2.087392
-3.0,3,2.088992
-3.0,3,2.090585
-3.0,3,2.092179
-3.0,3,2.093921
-3.0,3,2.095533
-3.0,3,2.097189
-3.0,3,2.098786
-3.0,3,2.100377
-3.0,3,2.101949
-3.0,3,2.103613
-3.0,3,2.105438
-3.0,3,2.107266
-3.0,3,2.109062
-3.0,3,2.110847
-3.0,3,2.11264
-3.0,3,2.114426
-3.0,3,2.116123
-3.0,3,2.118008
-3.0,3,2.119783
-3.0,3,2.121567
-3.0,3,2.123443
-3.0,3,2.12526
-3.0,3,2.127037
-3.0,3,2.128824
-3.0,3,2.130605
-3.0,3,2.132391
-3.0,3,2.134172
-3.0,3,2.135952
-3.0,3,2.137734
-3.0,3,2.139507
-3.0,3,2.141286
-3.0,3,2.143063
-3.0,3,2.144846
-3.0,3,2.146649
-3.0,3,2.148362
-3.0,3,2.150134
-3.0,3,2.151912
-3.0,3,2.153699
-3.0,3,2.155481
-3.0,3,2.157269
-3.0,3,2.159101
-3.0,3,2.160941
-3.0,3,2.162717
-3.0,3,2.164504
-3.0,3,2.166338
-3.0,3,2.168172
-3.0,3,2.169974
-3.0,3,2.171891
-3.0,3,2.173819
-3.0,3,2.175627
-3.0,3,2.177417
-3.0,3,2.179142
-3.0,3,2.180954
-3.0,3,2.182851
-3.0,3,2.184721
-3.0,3,2.186644
-3.0,3,2.188626
-3.0,3,2.190415
-3.0,3,2.19202
-3.0,3,2.193836
-3.0,3,2.195622
-3.0,3,2.197487
-3.0,3,2.199275
-3.0,3,2.201067
-3.0,3,2.202788
-3.0,3,2.204631
-3.0,3,2.206403
-3.0,3,2.208181
-3.0,3,2.209977
-3.0,3,2.211772
-3.0,3,2.213558
-3.0,3,2.21534
-3.0,3,2.217116
-3.0,3,2.2189
-3.0,3,2.2207
-3.0,3,2.222488
-3.0,3,2.224235
-3.0,3,2.226019
-3.0,3,2.227805
-3.0,3,2.229578
-3.0,3,2.231413
-3.0,3,2.233229
-3.0,3,2.235008
-3.0,3,2.236766
-3.0,3,2.238579
-3.0,3,2.240357
-3.0,3,2.24214
-3.0,3,2.24382
-3.0,3,2.24563
-3.0,3,2.247367
-3.0,3,2.249123
-3.0,3,2.2509
-3.0,3,2.252617
-3.0,3,2.254345
-3.0,3,2.256178
-3.0,3,2.257969
-3.0,3,2.259809
-3.0,3,2.261654
-3.0,3,2.263434
-3.0,3,2.265303
-3.0,3,2.26714
-3.0,3,2.268922
-3.0,3,2.270525
-3.0,3,2.272375
-3.0,3,2.274317
-3.0,3,2.276103
-3.0,3,2.277802
-3.0,3,2.279554
-3.0,3,2.281371
-3.0,3,2.283231
-3.0,3,2.285156
-3.0,3,2.287068
-3.0,3,2.288847
-3.0,3,2.290664
-3.0,3,2.292365
-3.0,3,2.294237
-3.0,3,2.296016
-3.0,3,2.297884
-3.0,3,2.299663
-3.0,3,2.301446
-3.0,3,2.303226
-3.0,3,2.304837
-3.0,3,2.306654
-3.0,3,2.308435
-3.0,3,2.310214
-3.0,3,2.312002
-3.0,3,2.313843
-3.0,3,2.315485
-3.0,3,2.317232
-3.0,3,2.318961
-3.0,3,2.320573
-3.0,3,2.322363
-3.0,3,2.324138
-3.0,3,2.325923
-3.0,3,2.327702
-3.0,3,2.329486
-3.0,3,2.331264
-3.0,3,2.333143
-3.0,3,2.33495
-3.0,3,2.33675
-3.0,3,2.338488
-3.0,3,2.340431
-3.0,3,2.342235
-3.0,3,2.3441
-3.0,3,2.345894
-3.0,3,2.347744
-3.0,3,2.34948
-3.0,3,2.351169
-3.0,3,2.352944
-3.0,3,2.354746
-3.0,3,2.356475
-3.0,3,2.358263
-3.0,3,2.360046
-3.0,3,2.361838
-3.0,3,2.363625
-3.0,3,2.36541
-3.0,3,2.367198
-3.0,3,2.368983
-3.0,3,2.370783
-3.0,3,2.372648
-3.0,3,2.374509
-3.0,3,2.376295
-3.0,3,2.378074
-3.0,3,2.379803
-3.0,3,2.381672
-3.0,3,2.383535
-3.0,3,2.385423
-3.0,3,2.387324
-3.0,3,2.38912
-3.0,3,2.39091
-3.0,3,2.392612
-3.0,3,2.39425
-3.0,3,2.396033
-3.0,3,2.397879
-3.0,3,2.399657
-3.0,3,2.40144
-3.0,3,2.403288
-3.0,3,2.405039
-3.0,3,2.40662
-3.0,3,2.408071
-3.0,3,2.409518
-3.0,3,2.411086
-3.0,3,2.412717
-3.0,3,2.414254
-3.0,3,2.415864
-3.0,3,2.417678
-3.0,3,2.419299
-3.0,3,2.420841
-3.0,3,2.422337
-3.0,3,2.423868
-3.0,3,2.42536
-3.0,3,2.426984
-3.0,3,2.428595
-3.0,3,2.430117
-3.0,3,2.431681
-3.0,3,2.433292
-3.0,3,2.434827
-3.0,3,2.436361
-3.0,3,2.437911
-3.0,3,2.439403
-3.0,3,2.440857
-3.0,3,2.442452
-3.0,3,2.444055
-3.0,3,2.445539
-3.0,3,2.447189
-3.0,3,2.44873
-3.0,3,2.450208
-3.0,3,2.451773
-3.0,3,2.453294
-3.0,3,2.45486
-3.0,3,2.456458
-3.0,3,2.458055
-3.0,3,2.459613
-3.0,3,2.461225
-3.0,3,2.462827
-3.0,3,2.464344
-3.0,3,2.465962
-3.0,3,2.467573
-3.0,3,2.469501
-3.0,3,2.471168
-3.0,3,2.472786
-3.0,3,2.474396
-3.0,3,2.476223
-3.0,3,2.478326
-3.0,3,2.479889
-3.0,3,2.481399
-3.0,3,2.483197
-3.0,3,2.485335
-3.0,3,2.487271
-3.0,3,2.48925
-3.0,3,2.491355
-3.0,3,2.493419
-3.0,3,2.495484
-3.0,3,2.497509
-3.0,3,2.499683
-3.0,3,2.501543
-3.0,3,2.503487
-3.0,3,2.505594
-3.0,3,2.507418
-3.0,3,2.509233
-3.0,3,2.511061
-3.0,3,2.512854
-3.0,3,2.514644
-3.0,3,2.516408
-3.0,3,2.518165
-3.0,3,2.520335
-3.0,3,2.522377
-3.0,3,2.524398
-3.0,3,2.526443
-3.0,3,2.528494
-3.0,3,2.530529
-3.0,3,2.532539
-3.0,3,2.534582
-3.0,3,2.536615
-3.0,3,2.538401
-3.0,3,2.540232
-3.0,3,2.542019
-3.0,3,2.543772
-3.0,3,2.545543
-3.0,3,2.547315
-3.0,3,2.549198
-3.0,3,2.55096
-3.0,3,2.552734
-3.0,3,2.554501
-3.0,3,2.556277
-3.0,3,2.557996
-3.0,3,2.559722
-3.0,3,2.561446
-3.0,3,2.563205
-3.0,3,2.564952
-3.0,3,2.566712
-3.0,3,2.568469
-3.0,3,2.570189
-3.0,3,2.571932
-3.0,3,2.57373
-3.0,3,2.575511
-3.0,3,2.577224
-3.0,3,2.578975
-3.0,3,2.580703
-3.0,3,2.58243
-3.0,3,2.584197
-3.0,3,2.585945
-3.0,3,2.587715
-3.0,3,2.589449
-3.0,3,2.591165
-3.0,3,2.592896
-3.0,3,2.59461
-3.0,3,2.596361
-3.0,3,2.598094
-3.0,3,2.599787
-3.0,3,2.601701
-3.0,3,2.603531
-3.0,3,2.605418
-3.0,3,2.607104
-3.0,3,2.608829
-3.0,3,2.610539
-3.0,3,2.612262
-3.0,3,2.613982
-3.0,3,2.615689
-3.0,3,2.617377
-3.0,3,2.619095
-3.0,3,2.620845
-3.0,3,2.622483
-3.0,3,2.6242
-3.0,3,2.625968
-3.0,3,2.627651
-3.0,3,2.629364
-3.0,3,2.631116
-3.0,3,2.632884
-3.0,3,2.634496
-3.0,3,2.636218
-3.0,3,2.637841
-3.0,3,2.639571
-3.0,3,2.641293
-3.0,3,2.642979
-3.0,3,2.644697
-3.0,3,2.646341
-3.0,3,2.647957
-3.0,3,2.649583
-3.0,3,2.651346
-3.0,3,2.653133
-3.0,3,2.654851
-3.0,3,2.6566
-3.0,3,2.658276
-3.0,3,2.66
-3.0,3,2.661737
-3.0,3,2.663461
-3.0,3,2.665254
-3.0,3,2.666939
-3.0,3,2.668632
-3.0,3,2.670334
-3.0,3,2.672206
-3.0,3,2.674009
-3.0,3,2.675896
-3.0,3,2.677604
-3.0,3,2.679279
-3.0,3,2.681154
-3.0,3,2.682999
-3.0,3,2.684837
-3.0,3,2.686598
-3.0,3,2.688335
-3.0,3,2.690044
-3.0,3,2.691643
-3.0,3,2.693337
-3.0,3,2.69506
-3.0,3,2.696752
-3.0,3,2.698441
-3.0,3,2.700121
-3.0,3,2.70172
-3.0,3,2.703452
-3.0,3,2.705134
-3.0,3,2.706797
-3.0,3,2.708468
-3.0,3,2.710128
-3.0,3,2.711818
-3.0,3,2.713595
-3.0,3,2.715334
-3.0,3,2.717053
-3.0,3,2.71879
-3.0,3,2.720407
-3.0,3,2.72208
-3.0,3,2.72375
-3.0,3,2.725399
-3.0,3,2.727169
-3.0,3,2.72884
-3.0,3,2.730597
-3.0,3,2.732289
-3.0,3,2.733971
-3.0,3,2.735558
-3.0,3,2.737302
-3.0,3,2.739012
-3.0,3,2.740635
-3.0,3,2.742307
-3.0,3,2.743862
-3.0,3,2.745532
-3.0,3,2.747214
-3.0,3,2.748901
-3.0,3,2.750585
-3.0,3,2.752297
-3.0,3,2.754073
-3.0,3,2.755791
-3.0,3,2.757417
-3.0,3,2.758975
-3.0,3,2.760655
-3.0,3,2.762337
-3.0,3,2.764044
-3.0,3,2.765761
-3.0,3,2.767513
-3.0,3,2.769204
-3.0,3,2.770889
-3.0,3,2.77276
-3.0,3,2.774454
-3.0,3,2.776172
-3.0,3,2.777735
-3.0,3,2.779495
-3.0,3,2.781214
-3.0,3,2.782916
-3.0,3,2.784581
-3.0,3,2.786303
-3.0,3,2.787954
-3.0,3,2.789756
-3.0,3,2.791562
-3.0,3,2.793274
-3.0,3,2.794982
-3.0,3,2.79676
-3.0,3,2.79871
-3.0,3,2.800335
-3.0,3,2.802138
-3.0,3,2.803921
-3.0,3,2.80559
-3.0,3,2.807311
-3.0,3,2.809042
-3.0,3,2.810711
-3.0,3,2.812437
-3.0,3,2.814102
-3.0,3,2.815794
-3.0,3,2.817602
-3.0,3,2.819266
-3.0,3,2.820939
-3.0,3,2.822611
-3.0,3,2.824361
-3.0,3,2.826158
-3.0,3,2.827772
-3.0,3,2.829509
-3.0,3,2.831312
-3.0,3,2.83306
-3.0,3,2.834731
-3.0,3,2.836366
-3.0,3,2.838025
-3.0,3,2.839911
-3.0,3,2.841577
-3.0,3,2.843111
-3.0,3,2.844757
-3.0,3,2.846352
-3.0,3,2.848083
-3.0,3,2.849839
-3.0,3,2.851628
-3.0,3,2.853461
-3.0,3,2.855232
-3.0,3,2.857042
-3.0,3,2.858793
-3.0,3,2.860557
-3.0,3,2.862311
-3.0,3,2.864058
-3.0,3,2.865784
-3.0,3,2.867556
-3.0,3,2.869311
-3.0,3,2.871062
-3.0,3,2.872808
-3.0,3,2.874536
-3.0,3,2.87621
-3.0,3,2.87807
-3.0,3,2.879922
-3.0,3,2.881642
-3.0,3,2.883332
-3.0,3,2.885031
-3.0,3,2.886653
-3.0,3,2.888323
-3.0,3,2.890101
-3.0,3,2.891862
-3.0,3,2.893562
-3.0,3,2.895139
-3.0,3,2.896705
-3.0,3,2.898325
-3.0,3,2.899974
-3.0,3,2.901768
-3.0,3,2.903475
-3.0,3,2.90539
-3.0,3,2.907328
-3.0,3,2.90899
-3.0,3,2.910877
-3.0,3,2.912778
-3.0,3,2.914763
-3.0,3,2.916577
-3.0,3,2.91857
-3.0,3,2.920431
-3.0,3,2.922397
-3.0,3,2.924163
-3.0,3,2.925879
-3.0,3,2.92751
-3.0,3,2.929146
-3.0,3,2.930886
-3.0,3,2.932695
-3.0,3,2.934443
-3.0,3,2.936296
-3.0,3,2.938325
-3.0,3,2.940178
-3.0,3,2.942059
-3.0,3,2.943792
-3.0,3,2.94544
-3.0,3,2.947126
-3.0,3,2.948825
-3.0,3,2.950441
-3.0,3,2.951973
-3.0,3,2.953411
-3.0,3,2.954818
-3.0,3,2.956232
-3.0,3,2.957649
-3.0,3,2.959061
-3.0,3,2.960481
-3.0,3,2.961901
-3.0,3,2.963312
-3.0,3,2.964743
-3.0,3,2.966247
-3.0,3,2.967975
-3.0,3,2.969468
-3.0,3,2.970873
-3.0,3,2.972286
-3.0,3,2.973691
-3.0,3,2.975164
-3.0,3,2.97709
-3.0,3,2.978576
-3.0,3,2.980025
-3.0,3,2.981471
-3.0,3,2.982916
-3.0,3,2.98437
-3.0,3,2.986003
-3.0,3,2.987636
-3.0,3,2.989356
-3.0,3,2.991043
-3.0,3,2.992676
-3.0,3,2.994305
-3.0,3,2.995939
-3.0,3,2.997646
-3.0,3,2.999335
-3.0,3,3.001037
-3.0,3,3.0028
-3.0,3,3.004421
-3.0,3,3.005869
-3.0,3,3.007457
-3.0,3,3.061604
-8.0,8,3.065531
-9.0,9,3.069962
-9.0,9,3.074595
-9.0,9,3.078889
-9.0,9,3.083277
-8.0,8,3.087074
-9.0,9,3.091349
-9.0,9,3.095615
-9.0,9,3.099896
-9.0,9,3.104176
-9.0,9,3.108463
-8.0,8,3.112419
-9.0,9,3.116668
-9.0,9,3.120934
-8.0,8,3.124767
-9.0,9,3.129059
-9.0,9,3.133311
-9.0,9,3.137547
-9.0,9,3.14179
-9.0,9,3.146036
-8.0,8,3.149831
-9.0,9,3.154044
-9.0,9,3.158295
-9.0,9,3.162613
-8.0,8,3.166373
-8.0,8,3.170262
-8.0,8,3.174132
-9.0,9,3.178461
-8.0,8,3.18223
-8.0,8,3.186029
-8.0,8,3.189813
-9.0,9,3.194466
-9.0,9,3.198719
-9.0,9,3.203707
-9.0,9,3.208271
-9.0,9,3.212431
-8.0,8,3.216125
-9.0,9,3.220289
-9.0,9,3.224443
-8.0,8,3.228125
-9.0,9,3.232359
-9.0,9,3.236646
-9.0,9,3.240948
-9.0,9,3.245252
-9.0,9,3.249522
-9.0,9,3.25381
-9.0,9,3.258054
-9.0,9,3.262191
-8.0,8,3.265884
-9.0,9,3.270049
-9.0,9,3.274206
-9.0,9,3.278357
-9.0,9,3.282513
-8.0,8,3.286199
-9.0,9,3.290936
-9.0,9,3.295097
-9.0,9,3.300014
-10.0,10,3.305661
-9.0,9,3.31059
-9.0,9,3.315452
-9.0,9,3.320168
-9.0,9,3.324488
-9.0,9,3.328757
-8.0,8,3.33251
-9.0,9,3.336712
-8.0,8,3.340563
-9.0,9,3.344756
-9.0,9,3.349196
-8.0,8,3.352993
-9.0,9,3.357248
-9.0,9,3.361761
-9.0,9,3.366301
-9.0,9,3.370939
-9.0,9,3.375649
-9.0,9,3.380567
-8.0,8,3.384712
-8.0,8,3.388955
-9.0,9,3.393746
-9.0,9,3.398381
-8.0,8,3.402643
-9.0,9,3.407543
-9.0,9,3.412673
-9.0,9,3.417592
-9.0,9,3.422558
-9.0,9,3.427311
-9.0,9,3.432174
-9.0,9,3.437549
-9.0,9,3.442184
-9.0,9,3.447005
-8.0,8,3.451628
-8.0,8,3.456379
-8.0,8,3.460885
-9.0,9,3.465567
-9.0,9,3.470634
-9.0,9,3.475281
-9.0,9,3.480732
-9.0,9,3.485626
-9.0,9,3.490894
-9.0,9,3.49576
-9.0,9,3.500788
-9.0,9,3.50599
-9.0,9,3.510891
-8.0,8,3.515503
-9.0,9,3.520374
-8.0,8,3.524794
-9.0,9,3.529292
-9.0,9,3.533943
-8.0,8,3.538051
-9.0,9,3.543195
-9.0,9,3.547915
-9.0,9,3.552627
-9.0,9,3.557073
-9.0,9,3.561684
-8.0,8,3.565844
-9.0,9,3.570369
-8.0,8,3.574398
-9.0,9,3.578938
-9.0,9,3.583384
-9.0,9,3.587833
-9.0,9,3.592385
-9.0,9,3.596792
-9.0,9,3.601395
-9.0,9,3.606086
-9.0,9,3.610676
-9.0,9,3.615215
-10.0,10,3.620236
-10.0,10,3.625268
-9.0,9,3.630162
-9.0,9,3.634984
-9.0,9,3.639732
-9.0,9,3.644203
-8.0,8,3.64823
-8.0,8,3.652248
-9.0,9,3.656725
-9.0,9,3.661168
-9.0,9,3.665624
-9.0,9,3.670242
-8.0,8,3.674332
-9.0,9,3.67876
-9.0,9,3.683371
-9.0,9,3.688272
-8.0,8,3.692537
-9.0,9,3.697195
-9.0,9,3.70175
-9.0,9,3.707177
-8.0,8,3.711318
-10.0,10,3.716672
-9.0,9,3.721552
-8.0,8,3.725727
-9.0,9,3.730364
-9.0,9,3.736135
-9.0,9,3.740818
-9.0,9,3.745316
-9.0,9,3.749622
-9.0,9,3.754089
-9.0,9,3.758438
-9.0,9,3.762714
-8.0,8,3.766719
-9.0,9,3.771688
-9.0,9,3.776522
-9.0,9,3.781187
-9.0,9,3.786153
-10.0,10,3.791679
-9.0,9,3.79704
-8.0,8,3.801127
-10.0,10,3.806058
-9.0,9,3.810561
-9.0,9,3.814996
-9.0,9,3.819552
-9.0,9,3.824044
-8.0,8,3.828078
-9.0,9,3.832776
-9.0,9,3.837318
-9.0,9,3.84188
-9.0,9,3.846778
-8.0,8,3.851168
-9.0,9,3.855954
-9.0,9,3.860574
-9.0,9,3.865453
-9.0,9,3.870251
-8.0,8,3.87434
-9.0,9,3.878974
-9.0,9,3.883574
-9.0,9,3.888288
-8.0,8,3.892272
-9.0,9,3.896954
-9.0,9,3.901551
-9.0,9,3.906441
-9.0,9,3.911525
-9.0,9,3.916546
-9.0,9,3.921633
-9.0,9,3.926604
-9.0,9,3.931739
-8.0,8,3.936147
-9.0,9,3.940744
-8.0,8,3.945135
-8.0,8,3.949781
-9.0,9,3.954813
-8.0,8,3.959369
-8.0,8,3.963758
-9.0,9,3.968708
-8.0,8,3.973238
-9.0,9,3.978303
-9.0,9,3.983406
-9.0,9,3.988357
-8.0,8,3.993092
-8.0,8,3.997694
-9.0,9,4.002587
-8.0,8,4.007547
-9.0,9,4.012632
-8.0,8,4.017291
-9.0,9,4.022556
-8.0,8,4.027135
-9.0,9,4.032469
-9.0,9,4.037964
-8.0,8,4.04256
-8.0,8,4.047396
-8.0,8,4.052197
-8.0,8,4.056903
-9.0,9,4.062304
-9.0,9,4.067318
-9.0,9,4.072194
-9.0,9,4.077061
-9.0,9,4.082092
-9.0,9,4.086838
-9.0,9,4.091611
-9.0,9,4.096633
-9.0,9,4.101641
-8.0,8,4.105843
-9.0,9,4.110354
-9.0,9,4.1151
-9.0,9,4.119759
-9.0,9,4.124363
-9.0,9,4.177181
-15.0,15,4.185385
-18.0,18,4.195388
-16.0,16,4.203892
-16.0,16,4.212408
-14.0,14,4.220048
-16.0,16,4.228982
-15.0,15,4.23673
-15.0,15,4.244913
-14.0,14,4.252055
-14.0,14,4.259047
-13.0,13,4.265347
-17.0,17,4.27354
-18.0,18,4.282134
-18.0,18,4.290849
-16.0,16,4.298618
-19.0,19,4.308056
-20.0,20,4.317961
-17.0,17,4.326552
-15.0,15,4.334408
-15.0,15,4.342816
-16.0,16,4.351461
-16.0,16,4.360187
-16.0,16,4.369022
-16.0,16,4.376763
-15.0,15,4.384386
-16.0,16,4.39247
-16.0,16,4.401041
-15.0,15,4.410048
-17.0,17,4.421039
-14.0,14,4.429698
-14.0,14,4.438794
-14.0,14,4.447125
-17.0,17,4.457327
-16.0,16,4.46637
-17.0,17,4.476202
-16.0,16,4.484775
-18.0,18,4.494603
-20.0,20,4.505437
-19.0,19,4.516028
-16.0,16,4.524709
-15.0,15,4.533386
-16.0,16,4.542438
-17.0,17,4.55207
-15.0,15,4.560449
-18.0,18,4.570452
-14.0,14,4.578031
-17.0,17,4.587573
-17.0,17,4.597201
-16.0,16,4.605918
-16.0,16,4.614433
-15.0,15,4.622439
-15.0,15,4.630624
-15.0,15,4.6391
-14.0,14,4.647014
-18.0,18,4.656968
-15.0,15,4.66522
-17.0,17,4.674874
-16.0,16,4.683237
-16.0,16,4.691671
-18.0,18,4.700894
-15.0,15,4.708737
-14.0,14,4.71632
-16.0,16,4.724799
-20.0,20,4.735506
-15.0,15,4.743672
-15.0,15,4.751822
-16.0,16,4.760565
-15.0,15,4.76926
-15.0,15,4.777045
-18.0,18,4.78595
-18.0,18,4.794466
-15.0,15,4.801574
-17.0,17,4.810072
-18.0,18,4.8185
-16.0,16,4.826331
-15.0,15,4.833285
-16.0,16,4.8407
-16.0,16,4.848132
-17.0,17,4.856218
-17.0,17,4.864338
-18.0,18,4.872609
-16.0,16,4.879904
-17.0,17,4.887666
-17.0,17,4.895575
-16.0,16,4.903118
-15.0,15,4.910274
-16.0,16,4.917905
-16.0,16,4.925662
-16.0,16,4.93346
-16.0,16,4.941287
-16.0,16,4.948741
-17.0,17,4.956648
-15.0,15,4.963972
-18.0,18,4.972176
-16.0,16,4.979439
-16.0,16,4.986696
-20.0,20,4.9958
-19.0,19,5.004824
-15.0,15,5.01181
-14.0,14,5.018615
-17.0,17,5.026787
-16.0,16,5.034312
-16.0,16,5.041964
-15.0,15,5.04932
-18.0,18,5.058159
-15.0,15,5.065723
-14.0,14,5.07285
-15.0,15,5.08054
-14.0,14,5.087605
-18.0,18,5.096784
-14.0,14,5.103613
-15.0,15,5.110893
-19.0,19,5.120579
-15.0,15,5.127903
-14.0,14,5.134559
-14.0,14,5.141246
-16.0,16,5.148839
-16.0,16,5.156484
-16.0,16,5.164149
-16.0,16,5.171766
-16.0,16,5.179356
-19.0,19,5.188371
-15.0,15,5.195491
-15.0,15,5.202661
-16.0,16,5.210718
-15.0,15,5.218224
-15.0,15,5.277894
-200.0,200,5.37467
-26.0,26,5.387649
-25.0,25,5.39956
-31.0,31,5.415268
-28.0,28,5.430027
-27.0,27,5.443897
-24.0,24,5.456329
-200.0,200,5.558595
-27.0,27,5.573508
-29.0,29,5.589817
-28.0,28,5.605839
-28.0,28,5.621272
-200.0,200,5.730245
-200.0,200,5.84452
-200.0,200,5.948353
-24.0,24,5.959792
-200.0,200,6.06253
-32.0,32,6.08019
-30.0,30,6.096769
-200.0,200,6.2072
-200.0,200,6.31731
-30.0,30,6.333905
-21.0,21,6.34499
-24.0,24,6.356659
-26.0,26,6.422403
-200.0,200,6.532971
-200.0,200,6.649363
-200.0,200,6.747852
-200.0,200,6.844047
-200.0,200,6.938046
-200.0,200,7.034691
-35.0,35,7.050982
-37.0,37,7.068015
-200.0,200,7.168101
-33.0,33,7.185287
-126.0,126,7.251843
-200.0,200,7.353261
-200.0,200,7.453168
-200.0,200,7.60828
-34.0,34,7.627068
-32.0,32,7.644638
-40.0,40,7.664816
-200.0,200,7.766733
-200.0,200,7.870643
-200.0,200,7.976233
-200.0,200,8.085383
-34.0,34,8.103759
-200.0,200,8.214499
-33.0,33,8.233144
-200.0,200,8.346773
-200.0,200,8.45553
-200.0,200,8.571593
-200.0,200,8.734435
-38.0,38,8.756865
-200.0,200,8.874251
-200.0,200,8.990732
-200.0,200,9.109504
-200.0,200,9.225932
-200.0,200,9.322765
-200.0,200,9.425079
-34.0,34,9.443017
-200.0,200,9.546877
-200.0,200,9.652679
-200.0,200,9.758041
-200.0,200,9.917502
-200.0,200,10.036952
-200.0,200,10.149531
-142.0,142,10.220657
-200.0,200,10.333899
-200.0,200,10.444442
-200.0,200,10.554144
-200.0,200,10.666406
-31.0,31,10.682898
-200.0,200,10.853156
-200.0,200,10.9776
-200.0,200,11.161337
-200.0,200,11.270394
-200.0,200,11.376029
-200.0,200,11.480705
-200.0,200,11.586062
-200.0,200,11.693666
-200.0,200,11.804494
-200.0,200,11.909578
-37.0,37,11.927322
-200.0,200,12.027446
-200.0,200,12.126893
-200.0,200,12.28034
-33.0,33,12.300329
-200.0,200,12.405507
-200.0,200,12.511608
-200.0,200,12.615424
-200.0,200,12.711528
-39.0,39,12.729629
-200.0,200,12.832078
-41.0,41,12.852884
-145.0,145,12.929406
-200.0,200,13.02168
-41.0,41,13.040653
-200.0,200,13.143187
-200.0,200,13.236753
-41.0,41,13.25697
-35.0,35,13.273345
-52.0,52,13.348277
-200.0,200,13.452454
-36.0,36,13.4704
-200.0,200,13.575947
-27.0,27,13.591226
-29.0,29,13.606683
-200.0,200,13.710896
-200.0,200,13.812998
-200.0,200,13.922007
-30.0,30,13.940037
-200.0,200,14.041544
-200.0,200,14.156439
-200.0,200,14.276188
-31.0,31,14.295677
-200.0,200,14.397251
-32.0,32,14.412384
-200.0,200,14.571634
-200.0,200,14.677285
-33.0,33,14.694046
-200.0,200,14.799103
-200.0,200,14.904969
-36.0,36,14.924228
-200.0,200,15.033406
-33.0,33,15.052622
-200.0,200,15.155831
-200.0,200,15.250464
-200.0,200,15.35127
-31.0,31,15.365837
-35.0,35,15.382928
-28.0,28,15.397029
-200.0,200,15.492782
-200.0,200,15.646237
-200.0,200,15.755794
-200.0,200,15.861162
-200.0,200,15.961485
-45.0,45,15.985338
-200.0,200,16.087129
-31.0,31,16.103099
-200.0,200,16.202249
-26.0,26,16.214783
-200.0,200,16.312873
-200.0,200,16.412637
-200.0,200,16.523062
-36.0,36,16.543841
-151.0,151,16.630391
-200.0,200,16.791323
-32.0,32,16.807555
-40.0,40,16.829576
-27.0,27,16.845128
-41.0,41,16.868947
-200.0,200,16.987368
-200.0,200,17.093453
-26.0,26,17.106153
-200.0,200,17.208421
-200.0,200,17.31376
-32.0,32,17.330724
-200.0,200,17.426416
-41.0,41,17.445031
-200.0,200,17.540114
-44.0,44,17.563846
-31.0,31,17.580142
-200.0,200,17.688863
-30.0,30,17.704473
-35.0,35,17.723029
-30.0,30,17.739275
-37.0,37,17.759754
-200.0,200,17.911994
-177.0,177,17.99495
-200.0,200,18.091713
-200.0,200,18.193266
-200.0,200,18.298381
-200.0,200,18.404283
-41.0,41,18.428546
-47.0,47,18.455509
-200.0,200,18.569067
-200.0,200,18.69012
-150.0,150,18.779785
-140.0,140,18.858246
-149.0,149,18.987468
-34.0,34,19.003024
-42.0,42,19.022234
-200.0,200,19.11817
-162.0,162,19.201246
-200.0,200,19.298127
-200.0,200,19.39289
-200.0,200,19.494501
-200.0,200,19.592921
-139.0,139,19.659596
-200.0,200,19.755496
-147.0,147,19.826939
-169.0,169,19.90882
-38.0,38,19.927588
-200.0,200,20.077748
-86.0,86,20.123979
-200.0,200,20.226791
-171.0,171,20.316135
-200.0,200,20.417991
-200.0,200,20.520029
-50.0,50,20.549248
-54.0,54,20.581688
-200.0,200,20.688238
-149.0,149,20.766062
-75.0,75,20.802175
-149.0,149,20.879016
-44.0,44,20.904535
-145.0,145,20.98685
-200.0,200,21.102949
-200.0,200,21.269056
-48.0,48,21.294953
-157.0,157,21.379922
-200.0,200,21.478363
-80.0,80,21.517215
-53.0,53,21.545104
-60.0,60,21.57652
-200.0,200,21.682001
-50.0,50,21.708923
-51.0,51,21.735789
-44.0,44,21.758123
-200.0,200,21.851905
-49.0,49,21.874937
-200.0,200,21.969746
-44.0,44,21.990391
-200.0,200,22.087548
-170.0,170,22.168229
-47.0,47,22.192664
-200.0,200,22.344774
-46.0,46,22.36769
-63.0,63,22.399733
-200.0,200,22.504844
-44.0,44,22.529955
-49.0,49,22.557724
-200.0,200,22.667
-57.0,57,22.697684
-51.0,51,22.72567
-51.0,51,22.752538
-48.0,48,22.77738
-54.0,54,22.805761
-46.0,46,22.829253
-51.0,51,22.855545
-42.0,42,22.876782
-53.0,53,22.904367
-200.0,200,23.000945
-43.0,43,23.021324
-64.0,64,23.053001
-47.0,47,23.075334
-156.0,156,23.161792
-61.0,61,23.195065
-157.0,157,23.285473
-50.0,50,23.310669
-45.0,45,23.384705
-50.0,50,23.412238
-47.0,47,23.437162
-46.0,46,23.46285
-50.0,50,23.490692
-200.0,200,23.600023
-200.0,200,23.710658
-54.0,54,23.738747
-50.0,50,23.76518
-86.0,86,23.812809
-56.0,56,23.843141
-50.0,50,23.870158
-51.0,51,23.898457
-62.0,62,23.933392
-46.0,46,23.959425
-48.0,48,23.984272
-47.0,47,24.007932
-48.0,48,24.032685
-45.0,45,24.055925
-52.0,52,24.082523
-45.0,45,24.105642
-200.0,200,24.208053
-51.0,51,24.236073
-50.0,50,24.263373
-52.0,52,24.291739
-65.0,65,24.325908
-44.0,44,24.349409
-57.0,57,24.379972
-48.0,48,24.403758
-44.0,44,24.427599
-46.0,46,24.452304
-49.0,49,24.526126
-50.0,50,24.552847
-50.0,50,24.57897
-50.0,50,24.604583
-48.0,48,24.629714
-50.0,50,24.655257
-52.0,52,24.682381
-53.0,53,24.709038
-51.0,51,24.734078
-54.0,54,24.760273
-54.0,54,24.785992
-50.0,50,24.809472
-56.0,56,24.83572
-52.0,52,24.85999
-56.0,56,24.886139
-53.0,53,24.911238
-50.0,50,24.935897
-52.0,52,24.961463
-48.0,48,24.985034
-53.0,53,25.011063
-54.0,54,25.036309
-51.0,51,25.060265
-50.0,50,25.084518
-55.0,55,25.111451
-51.0,51,25.13568
-51.0,51,25.160136
-55.0,55,25.186357
-49.0,49,25.209699
-54.0,54,25.238945
-51.0,51,25.265768
-48.0,48,25.290124
-56.0,56,25.318413
-53.0,53,25.343437
-51.0,51,25.367256
-58.0,58,25.394597
-49.0,49,25.417632
-51.0,51,25.441495
-52.0,52,25.46659
-52.0,52,25.491681
-51.0,51,25.515975
-52.0,52,25.592349
-65.0,65,25.625678
-68.0,68,25.660289
-57.0,57,25.687929
-59.0,59,25.716862
-56.0,56,25.746127
-65.0,65,25.777231
-56.0,56,25.803667
-57.0,57,25.833701
-57.0,57,25.862946
-56.0,56,25.891568
-67.0,67,25.927693
-63.0,63,25.960182
-58.0,58,25.987367
-54.0,54,26.012036
-62.0,62,26.041886
-63.0,63,26.075907
-58.0,58,26.107896
-60.0,60,26.137896
-57.0,57,26.165957
-61.0,61,26.195909
-63.0,63,26.226164
-62.0,62,26.256436
-59.0,59,26.284729
-63.0,63,26.314994
-58.0,58,26.342462
-63.0,63,26.375396
-59.0,59,26.405128
-60.0,60,26.436294
-57.0,57,26.469445
-61.0,61,26.501614
-57.0,57,26.532406
-61.0,61,26.562979
-58.0,58,26.591501
-60.0,60,26.671062
-66.0,66,26.704707
-67.0,67,26.739679
-74.0,74,26.776104
-71.0,71,26.810949
-67.0,67,26.843507
-67.0,67,26.876747
-64.0,64,26.909016
-76.0,76,26.950481
-68.0,68,26.989033
-72.0,72,27.031657
-71.0,71,27.070734
-78.0,78,27.106099
-68.0,68,27.140174
-67.0,67,27.17601
-176.0,176,27.272965
-80.0,80,27.339506
-68.0,68,27.38256
-75.0,75,27.42943
-78.0,78,27.480202
-67.0,67,27.526461
-68.0,68,27.571774
-72.0,72,27.613416
-199.0,199,27.733732
-69.0,69,27.775676
-64.0,64,27.814261
-68.0,68,27.911216
-200.0,200,28.016097
-200.0,200,28.11845
-200.0,200,28.236
-200.0,200,28.339256
-167.0,167,28.42601
-200.0,200,28.532612
-187.0,187,28.629851
-87.0,87,28.671938
-200.0,200,28.776064
-86.0,86,28.82316
-200.0,200,28.935743
-200.0,200,29.087606
-200.0,200,29.191098
-200.0,200,29.290593
-79.0,79,29.332597
-86.0,86,29.375786
-85.0,85,29.419678
-200.0,200,29.515441
-95.0,95,29.563251
-200.0,200,29.67168
-181.0,181,29.767427
-200.0,200,29.871595
-200.0,200,29.980929
-200.0,200,30.082377
-200.0,200,30.236337
-73.0,73,30.275136
-200.0,200,30.407447
-200.0,200,30.533044
-200.0,200,30.651372
-111.0,111,30.704729
-200.0,200,30.811598
-74.0,74,30.855661
-82.0,82,30.900084
-200.0,200,31.012254
-200.0,200,31.126871
-200.0,200,31.265091
-188.0,188,31.42322
-200.0,200,31.5267
-78.0,78,31.567853
-200.0,200,31.673818
-200.0,200,31.779321
-200.0,200,31.888295
-200.0,200,31.993851
-200.0,200,32.103078
-200.0,200,32.207783
-177.0,177,32.302525
-200.0,200,32.413549
-200.0,200,32.580629
-200.0,200,32.706943
-82.0,82,32.753233
-179.0,179,32.848715
-87.0,87,32.897251
-200.0,200,33.020926
-200.0,200,33.133494
-200.0,200,33.247865
-200.0,200,33.349532
-200.0,200,33.453439
-200.0,200,33.567673
-200.0,200,33.703762
-200.0,200,33.879338
-77.0,77,33.925031
-181.0,181,34.029904
-200.0,200,34.150062
-88.0,88,34.202231
-82.0,82,34.252564
-200.0,200,34.364426
-183.0,183,34.455528
-200.0,200,34.566077
-200.0,200,34.667341
-200.0,200,34.778497
-200.0,200,34.882072
-182.0,182,35.03127
-200.0,200,35.141542
-80.0,80,35.187625
-77.0,77,35.229998
-80.0,80,35.271419
-103.0,103,35.324053
-191.0,191,35.426267
-79.0,79,35.470526
-200.0,200,35.592406
-200.0,200,35.707851
-87.0,87,35.757393
-183.0,183,35.857045
-86.0,86,35.904317
-86.0,86,35.949938
-92.0,92,35.999239
-96.0,96,36.049085
-80.0,80,36.09115
-76.0,76,36.185069
-200.0,200,36.283251
-200.0,200,36.388803
-200.0,200,36.526633
-200.0,200,36.634862
-200.0,200,36.73308
-200.0,200,36.847362
-200.0,200,36.960451
-200.0,200,37.077976
-200.0,200,37.178719
-200.0,200,37.330846
-200.0,200,37.427542
-200.0,200,37.52999
-200.0,200,37.634145
-200.0,200,37.740225
-200.0,200,37.842778
-200.0,200,37.949706
-200.0,200,38.068503
-200.0,200,38.194956
-200.0,200,38.307434
-200.0,200,38.422284
-200.0,200,38.5858
-200.0,200,38.69723
-200.0,200,38.802475
-200.0,200,38.915043
-200.0,200,39.018291
-200.0,200,39.116884
-200.0,200,39.217129
-200.0,200,39.316422
-200.0,200,39.412021
-200.0,200,39.515468
-200.0,200,39.670936
-200.0,200,39.776012
-200.0,200,39.884162
-200.0,200,39.985611
-200.0,200,40.089677
-200.0,200,40.190171
-200.0,200,40.294544
-200.0,200,40.402673
-200.0,200,40.513399
-188.0,188,40.620486
-200.0,200,40.786213
-200.0,200,40.898285
-200.0,200,41.004025
-200.0,200,41.115372
-200.0,200,41.235498
-200.0,200,41.353603
-200.0,200,41.454307
-200.0,200,41.565899
-200.0,200,41.676663
-200.0,200,41.776742
-200.0,200,41.936715
-200.0,200,42.048487
-200.0,200,42.158616
-200.0,200,42.269941
-200.0,200,42.374807
-200.0,200,42.484727
-200.0,200,42.592639
-200.0,200,42.70535
-200.0,200,42.821159
-200.0,200,42.930592
-200.0,200,43.036204
-200.0,200,43.196139
-200.0,200,43.307233
-200.0,200,43.413733
-200.0,200,43.50946
-200.0,200,43.613534
-200.0,200,43.723339
-200.0,200,43.837252
-200.0,200,43.947523
-180.0,180,44.048359
-200.0,200,44.142826
-200.0,200,44.293398
-200.0,200,44.396852
-200.0,200,44.494748
-200.0,200,44.594558
-200.0,200,44.693658
-200.0,200,44.804033
-200.0,200,44.918924
-200.0,200,45.028769
-200.0,200,45.128159
-200.0,200,45.225439
-200.0,200,45.370611
-200.0,200,45.470783
-186.0,186,45.557917
-200.0,200,45.662535
-200.0,200,45.777687
-200.0,200,45.895064
-200.0,200,46.002286
-200.0,200,46.11265
-200.0,200,46.229443
-200.0,200,46.336087
-200.0,200,46.442883
-200.0,200,46.604949
-200.0,200,46.709804
-200.0,200,46.807705
-200.0,200,46.90193
-200.0,200,46.998435
-200.0,200,47.100117
-200.0,200,47.202767
-200.0,200,47.30346
-200.0,200,47.410052
-200.0,200,47.518597
-200.0,200,47.683483
-200.0,200,47.791309
-200.0,200,47.901466
-200.0,200,48.006286
-200.0,200,48.113879
-200.0,200,48.218436
-200.0,200,48.321881
-196.0,196,48.417142
-200.0,200,48.523254
-200.0,200,48.637027
-200.0,200,48.797746
-200.0,200,48.900982
-200.0,200,49.006289
-200.0,200,49.107132
-200.0,200,49.211983
-189.0,189,49.310353
-200.0,200,49.411201
-200.0,200,49.51402
-200.0,200,49.622037
-200.0,200,49.733581
-200.0,200,49.891538
-200.0,200,50.004716
-200.0,200,50.113541
-200.0,200,50.220729
-200.0,200,50.318767
-200.0,200,50.415764
-200.0,200,50.513412
-200.0,200,50.625086
-200.0,200,50.728074
-200.0,200,50.834953
-200.0,200,50.93682
-200.0,200,51.089996
-200.0,200,51.189286
-179.0,179,51.276367
-200.0,200,51.373832
-200.0,200,51.473473
-200.0,200,51.575097
-200.0,200,51.681399
-200.0,200,51.780195
-200.0,200,51.889509
-200.0,200,51.999763
-200.0,200,52.17455
-200.0,200,52.282836
-200.0,200,52.382584
-200.0,200,52.479837
-200.0,200,52.584694
-200.0,200,52.693541
-200.0,200,52.792394
-200.0,200,52.902529
-200.0,200,53.005321
-200.0,200,53.108199
-200.0,200,53.262621
-200.0,200,53.362799
-179.0,179,53.450563
-200.0,200,53.552067
-200.0,200,53.657565
-200.0,200,53.773449
-200.0,200,53.889604
-200.0,200,53.993696
-200.0,200,54.097798
-200.0,200,54.20189
-200.0,200,54.350287
-200.0,200,54.45278
-200.0,200,54.565694
-200.0,200,54.684206
-200.0,200,54.796245
-200.0,200,54.906193
-200.0,200,55.015585
-200.0,200,55.119125
-200.0,200,55.226373
-200.0,200,55.326844
-200.0,200,55.485585
-200.0,200,55.64589
-200.0,200,55.78131
-200.0,200,55.887954
-200.0,200,55.99738
-200.0,200,56.105068
-200.0,200,56.210476
-200.0,200,56.314747
-200.0,200,56.417396
-200.0,200,56.54163
-200.0,200,56.667494
-200.0,200,56.834652
-200.0,200,56.930054
-200.0,200,57.02439
-200.0,200,57.126871
-200.0,200,57.224461
-200.0,200,57.320837
-200.0,200,57.415717
-200.0,200,57.511207
-200.0,200,57.619146
-200.0,200,57.73231
-200.0,200,57.886598
-200.0,200,57.988716
-200.0,200,58.092582
-200.0,200,58.200959
-200.0,200,58.310644
-200.0,200,58.42339
-200.0,200,58.532475
-200.0,200,58.63863
-200.0,200,58.75154
-200.0,200,58.856991
-200.0,200,59.007467
-200.0,200,59.107543
-200.0,200,59.218841
-200.0,200,59.32849
-200.0,200,59.432586
-200.0,200,59.528274
-200.0,200,59.631746
-200.0,200,59.741895
-200.0,200,59.854841
-200.0,200,59.970254
-200.0,200,60.081569
-200.0,200,60.237381
-200.0,200,60.336547
-200.0,200,60.450106
-200.0,200,60.557049
-200.0,200,60.668603
-200.0,200,60.784349
-200.0,200,60.897495
-200.0,200,61.006377
-200.0,200,61.116159
-200.0,200,61.226921
-200.0,200,61.378573
-200.0,200,61.480394
-200.0,200,61.588665
-200.0,200,61.691107
-200.0,200,61.792501
-200.0,200,61.892233
-200.0,200,61.999761
-200.0,200,62.111897
-200.0,200,62.217416
-200.0,200,62.323682
-200.0,200,62.47457
-200.0,200,62.583913
-200.0,200,62.688016
-200.0,200,62.799894
-200.0,200,62.942924
-200.0,200,63.075094
-200.0,200,63.191194
-200.0,200,63.30202
-200.0,200,63.430499
-200.0,200,63.542695
-200.0,200,63.715079
-200.0,200,63.858613
-200.0,200,63.978133
-200.0,200,64.089657
-200.0,200,64.196717
-200.0,200,64.301783
-200.0,200,64.401403
-200.0,200,64.501926
-200.0,200,64.600121
-200.0,200,64.695017
-200.0,200,64.789488
-200.0,200,64.941879
-200.0,200,65.038962
-200.0,200,65.136684
-200.0,200,65.24143
-200.0,200,65.348232
-200.0,200,65.447056
-200.0,200,65.541173
-200.0,200,65.640674
-193.0,193,65.737101
-200.0,200,65.835152
-200.0,200,66.002772
-200.0,200,66.109136
-200.0,200,66.225651
-200.0,200,66.364877
-200.0,200,66.483576
-200.0,200,66.623323
-200.0,200,66.746504
-200.0,200,66.859578
-200.0,200,67.001273
-200.0,200,67.124869
-200.0,200,67.316558
-200.0,200,67.456056
-200.0,200,67.577773
-200.0,200,67.698269
-200.0,200,67.807353
-200.0,200,67.922055
-200.0,200,68.029476
-200.0,200,68.168284
-200.0,200,68.307895
-200.0,200,68.413395
-200.0,200,68.579294
-200.0,200,68.702998
-200.0,200,68.857968
-200.0,200,68.970634
-200.0,200,69.076997
-200.0,200,69.18536
-200.0,200,69.29965
-200.0,200,69.402716
-200.0,200,69.533893
-200.0,200,69.654442
-200.0,200,69.768205
-200.0,200,69.974732
-200.0,200,70.095561
-200.0,200,70.209214
-200.0,200,70.356444
-200.0,200,70.481352
-200.0,200,70.589104
-200.0,200,70.69802
-200.0,200,70.811437
-200.0,200,70.931919
-200.0,200,71.050689
-200.0,200,71.200722
-200.0,200,71.310323
-200.0,200,71.415323
-200.0,200,71.531814
-200.0,200,71.666938
-200.0,200,71.778083
-200.0,200,71.886191
-200.0,200,71.985638
-200.0,200,72.083231
-200.0,200,72.190566
-200.0,200,72.344673
-200.0,200,72.439005
-200.0,200,72.536755
-200.0,200,72.641816
-200.0,200,72.758373
-200.0,200,72.872919
-200.0,200,72.975287
-200.0,200,73.075507
-200.0,200,73.179098
-200.0,200,73.274353
-200.0,200,73.419806
-200.0,200,73.522478
-200.0,200,73.621039
-200.0,200,73.716724
-200.0,200,73.807272
-200.0,200,73.90606
-200.0,200,74.010686
-200.0,200,74.118645
-200.0,200,74.223842
-200.0,200,74.332553
-200.0,200,74.430248
-200.0,200,74.590315
-200.0,200,74.687499
-200.0,200,74.793923
-200.0,200,74.900865
-200.0,200,75.005029
-200.0,200,75.114772
-200.0,200,75.225967
-200.0,200,75.332075
-200.0,200,75.432629
-200.0,200,75.537525
-200.0,200,75.700974
-200.0,200,75.810456
-200.0,200,75.907524
-200.0,200,76.0137
-200.0,200,76.122949
-200.0,200,76.234129
-200.0,200,76.339817
-200.0,200,76.445047
-200.0,200,76.559345
-200.0,200,76.66845
-200.0,200,76.83282
-200.0,200,76.943653
-200.0,200,77.049899
-200.0,200,77.154908
-200.0,200,77.265281
-200.0,200,77.371185
-200.0,200,77.473671
-200.0,200,77.581405
-200.0,200,77.687633
-200.0,200,77.798233
-200.0,200,77.951625
-200.0,200,78.044341
-200.0,200,78.152188
-200.0,200,78.264716
-200.0,200,78.367402
-200.0,200,78.467094
-200.0,200,78.570332
-200.0,200,78.668137
-200.0,200,78.780847
-200.0,200,78.893976
-200.0,200,78.999094
-200.0,200,79.153013
-200.0,200,79.255583
-200.0,200,79.354945
-200.0,200,79.463651
-200.0,200,79.569843
-200.0,200,79.66556
-200.0,200,79.778736
-200.0,200,79.87992
-200.0,200,79.990369
-200.0,200,80.114982
-200.0,200,80.338327
-200.0,200,80.461707
-200.0,200,80.579417
-200.0,200,80.684126
-200.0,200,80.792559
-200.0,200,80.894507
-200.0,200,80.994934
-200.0,200,81.093367
-200.0,200,81.194879
-200.0,200,81.298748
-200.0,200,81.457972
-200.0,200,81.564885
-200.0,200,81.676269
-200.0,200,81.778746
-200.0,200,81.885862
-200.0,200,81.999797
-200.0,200,82.102986
-200.0,200,82.202407
-200.0,200,82.296415
-200.0,200,82.391541
-200.0,200,82.545977
-200.0,200,82.655191
-200.0,200,82.771644
-200.0,200,82.889444
-200.0,200,83.001209
-200.0,200,83.114177
-200.0,200,83.238587
-200.0,200,83.355081
-200.0,200,83.501366
-200.0,200,83.615559
-200.0,200,83.740268
-200.0,200,83.897696
-200.0,200,84.00135
-200.0,200,84.097124
-200.0,200,84.204818
-200.0,200,84.311261
-200.0,200,84.420816
-200.0,200,84.532013
-200.0,200,84.645444
-200.0,200,84.758787
-190.0,190,84.864455
-200.0,200,85.026062
-200.0,200,85.131678
-200.0,200,85.239182
-200.0,200,85.345987
-200.0,200,85.45792
-200.0,200,85.570326
-200.0,200,85.675116
-200.0,200,85.781209
-200.0,200,85.891463
-200.0,200,85.999424
-200.0,200,86.154964
-200.0,200,86.29037
-200.0,200,86.403611
-200.0,200,86.528602
-200.0,200,86.646172
-200.0,200,86.775581
-200.0,200,86.895213
-200.0,200,87.008295
-200.0,200,87.112076
-200.0,200,87.209459
-200.0,200,87.369934
-200.0,200,87.466912
-200.0,200,87.572923
-200.0,200,87.689743
-200.0,200,87.797128
-200.0,200,87.906043
-200.0,200,88.019506
-200.0,200,88.131411
-200.0,200,88.232747
-200.0,200,88.326834
-200.0,200,88.422472
-200.0,200,88.575169
-200.0,200,88.677918
-200.0,200,88.780229
-200.0,200,88.876172
-200.0,200,88.973031
-200.0,200,89.084018
-200.0,200,89.194663
-200.0,200,89.302168
-200.0,200,89.400853
-200.0,200,89.503824
-200.0,200,89.661008
-200.0,200,89.766512
-200.0,200,89.869045
-200.0,200,89.973339
-200.0,200,90.085464
-200.0,200,90.209836
-200.0,200,90.326718
-200.0,200,90.441144
-200.0,200,90.553146
-200.0,200,90.673196
-200.0,200,90.832525
-200.0,200,90.932553
-200.0,200,91.038208
-200.0,200,91.139442
-200.0,200,91.244818
-200.0,200,91.348481
-200.0,200,91.459862
-200.0,200,91.569942
-200.0,200,91.664535
-200.0,200,91.76896
-200.0,200,91.92732
-200.0,200,92.037052
-200.0,200,92.135372
-200.0,200,92.244581
-200.0,200,92.347875
-200.0,200,92.455275
-200.0,200,92.559559
-200.0,200,92.668094
-200.0,200,92.776927
-200.0,200,92.883284
-200.0,200,93.033594
-200.0,200,93.140804
-200.0,200,93.255625
-200.0,200,93.365129
-200.0,200,93.473914
-200.0,200,93.587503
-200.0,200,93.708409
-200.0,200,93.82479
-200.0,200,93.934993
-200.0,200,94.045779
-200.0,200,94.145561
-200.0,200,94.304764
-200.0,200,94.415671
-200.0,200,94.52611
-200.0,200,94.640341
-200.0,200,94.748273
-193.0,193,94.863521
-200.0,200,94.964931
-200.0,200,95.063395
-200.0,200,95.171218
-200.0,200,95.280865
-200.0,200,95.440492
-200.0,200,95.551636
-200.0,200,95.656187
-200.0,200,95.765328
-200.0,200,95.880758
-200.0,200,95.995225
-200.0,200,96.108322
-200.0,200,96.222696
-200.0,200,96.321206
-200.0,200,96.421693
-200.0,200,96.578389
-189.0,189,96.676569
-200.0,200,96.792708
-200.0,200,96.895385
-200.0,200,97.007917
-200.0,200,97.112898
-200.0,200,97.230437
-200.0,200,97.341348
-200.0,200,97.444925
-200.0,200,97.5565
-200.0,200,97.70203
-200.0,200,97.877646
-200.0,200,97.994709
-200.0,200,98.108575
-200.0,200,98.20574
-200.0,200,98.31321
-200.0,200,98.434814
-200.0,200,98.555585
-200.0,200,98.656671
-200.0,200,98.766258
-200.0,200,98.882127
-200.0,200,99.06793
-200.0,200,99.179086
-200.0,200,99.276372
-200.0,200,99.413775
-200.0,200,99.539972
-200.0,200,99.655604
-200.0,200,99.764238
-200.0,200,99.869399
-200.0,200,99.977555
-200.0,200,100.090069
-200.0,200,100.24716
-200.0,200,100.342548
-200.0,200,100.449743
-200.0,200,100.567209
-200.0,200,100.679156
-200.0,200,100.794933
-200.0,200,100.90055
-200.0,200,101.01022
-200.0,200,101.121366
-200.0,200,101.231303
-200.0,200,101.392325
-200.0,200,101.504037
-200.0,200,101.616931
-200.0,200,101.73742
-200.0,200,101.854715
-200.0,200,101.969616
-200.0,200,102.08247
-200.0,200,102.193041
-200.0,200,102.305553
-200.0,200,102.419526
-200.0,200,102.535551
-200.0,200,102.705525
-200.0,200,102.821409
-200.0,200,102.932295
-200.0,200,103.043324
-200.0,200,103.157664
-200.0,200,103.270335
-200.0,200,103.384836
-200.0,200,103.499983
-200.0,200,103.611351
-200.0,200,103.723516
-200.0,200,103.891944
-200.0,200,104.005663
-200.0,200,104.116307
-200.0,200,104.225531
-200.0,200,104.350287
-200.0,200,104.465922
-200.0,200,104.573771
-200.0,200,104.688084
-200.0,200,104.798161
-200.0,200,104.909708
-200.0,200,105.085192
-200.0,200,105.207213
-200.0,200,105.333986
-200.0,200,105.45419
-200.0,200,105.585726
-200.0,200,105.701762
-200.0,200,105.813152
-200.0,200,105.92042
-200.0,200,106.034989
-200.0,200,106.151645
-200.0,200,106.327266
-200.0,200,106.444423
-200.0,200,106.559641
-200.0,200,106.700785
-200.0,200,106.825782
-200.0,200,106.964822
-200.0,200,107.085059
-200.0,200,107.209931
-200.0,200,107.310317
-200.0,200,107.421012
-200.0,200,107.580602
-200.0,200,107.687274
-200.0,200,107.804533
-200.0,200,107.914782
-200.0,200,108.012944
-200.0,200,108.110978
-200.0,200,108.223918
-200.0,200,108.324157
-200.0,200,108.419752
-200.0,200,108.518759
-200.0,200,108.623832
-200.0,200,108.782005
-200.0,200,108.878478
-200.0,200,108.982569
-200.0,200,109.09642
-200.0,200,109.203682
-200.0,200,109.312117
-200.0,200,109.418656
-200.0,200,109.529341
-200.0,200,109.653125
-200.0,200,109.771189
-200.0,200,109.946568
-200.0,200,110.057972
-200.0,200,110.164685
-200.0,200,110.261488
-200.0,200,110.362644
-200.0,200,110.46673
-200.0,200,110.569716
-200.0,200,110.674245
-200.0,200,110.813551
-200.0,200,110.927939
-200.0,200,111.091311
-200.0,200,111.197021
-200.0,200,111.294931
-200.0,200,111.402164
-200.0,200,111.51252
-200.0,200,111.616266
-200.0,200,111.721776
-200.0,200,111.828098
-200.0,200,111.934863
-200.0,200,112.043794
-200.0,200,112.223695
-200.0,200,112.345292
-200.0,200,112.464415
-200.0,200,112.576765
-200.0,200,112.695256
-200.0,200,112.831665
-200.0,200,112.952696
-200.0,200,113.077183
-200.0,200,113.184731
-200.0,200,113.293528
-200.0,200,113.423181
