# {"t_start": 1545333012.1042702, "env_id": "MountainCar-v0"} 
r,l,t
-1.0,1,0.593607
-1.0,1,0.594541
-1.0,1,0.595197
-1.0,1,0.595844
-1.0,1,0.596539
-1.0,1,0.597395
-1.0,1,0.598119
-1.0,1,0.598877
-1.0,1,0.59958
-1.0,1,0.600168
-1.0,1,0.600834
-1.0,1,0.601481
-1.0,1,0.602131
-1.0,1,0.602775
-1.0,1,0.603411
-1.0,1,0.604018
-1.0,1,0.604652
-1.0,1,0.60529
-1.0,1,0.605931
-1.0,1,0.606533
-1.0,1,0.607134
-1.0,1,0.607742
-1.0,1,0.608343
-1.0,1,0.608947
-1.0,1,0.609554
-1.0,1,0.610155
-1.0,1,0.610751
-1.0,1,0.611352
-1.0,1,0.611948
-1.0,1,0.612579
-1.0,1,0.613206
-1.0,1,0.613834
-1.0,1,0.614435
-1.0,1,0.615034
-1.0,1,0.61563
-1.0,1,0.616234
-1.0,1,0.616816
-1.0,1,0.617392
-1.0,1,0.617971
-1.0,1,0.618486
-1.0,1,0.619004
-1.0,1,0.619521
-1.0,1,0.620031
-1.0,1,0.620604
-1.0,1,0.621147
-1.0,1,0.621658
-1.0,1,0.62217
-1.0,1,0.62268
-1.0,1,0.623216
-1.0,1,0.623727
-1.0,1,0.624238
-1.0,1,0.624756
-1.0,1,0.625296
-1.0,1,0.625804
-1.0,1,0.626313
-1.0,1,0.626828
-1.0,1,0.627342
-1.0,1,0.627852
-1.0,1,0.628364
-1.0,1,0.628876
-1.0,1,0.629391
-1.0,1,0.629902
-1.0,1,0.630413
-1.0,1,0.630973
-1.0,1,0.631627
-1.0,1,0.63225
-1.0,1,0.632823
-1.0,1,0.633516
-1.0,1,0.634231
-1.0,1,0.634815
-1.0,1,0.635417
-1.0,1,0.636039
-1.0,1,0.6367
-1.0,1,0.637429
-1.0,1,0.638152
-1.0,1,0.638904
-1.0,1,0.639648
-1.0,1,0.640185
-1.0,1,0.640817
-1.0,1,0.641502
-1.0,1,0.642176
-1.0,1,0.642911
-1.0,1,0.643551
-1.0,1,0.64415
-1.0,1,0.644777
-1.0,1,0.64542
-1.0,1,0.646055
-1.0,1,0.646681
-1.0,1,0.647268
-1.0,1,0.647908
-1.0,1,0.648556
-1.0,1,0.649124
-1.0,1,0.64976
-1.0,1,0.650375
-1.0,1,0.651
-1.0,1,0.651621
-1.0,1,0.652214
-1.0,1,0.652854
-1.0,1,0.653488
-1.0,1,0.654117
-1.0,1,0.654674
-1.0,1,0.655377
-1.0,1,0.656053
-1.0,1,0.656594
-1.0,1,0.657265
-1.0,1,0.657914
-1.0,1,0.658495
-1.0,1,0.65911
-1.0,1,0.659763
-1.0,1,0.660422
-1.0,1,0.661015
-1.0,1,0.661607
-1.0,1,0.66224
-1.0,1,0.662829
-1.0,1,0.66344
-1.0,1,0.664059
-1.0,1,0.664647
-1.0,1,0.665331
-1.0,1,0.665944
-1.0,1,0.666538
-1.0,1,0.667278
-1.0,1,0.667847
-1.0,1,0.668562
-1.0,1,0.669298
-1.0,1,0.670027
-1.0,1,0.670706
-1.0,1,0.671257
-1.0,1,0.671933
-1.0,1,0.67262
-1.0,1,0.673169
-1.0,1,0.673769
-1.0,1,0.674462
-1.0,1,0.675162
-1.0,1,0.675777
-1.0,1,0.676364
-1.0,1,0.676953
-1.0,1,0.677541
-1.0,1,0.678123
-1.0,1,0.678693
-1.0,1,0.679229
-1.0,1,0.679837
-1.0,1,0.680444
-1.0,1,0.681036
-1.0,1,0.681598
-1.0,1,0.682163
-1.0,1,0.68272
-1.0,1,0.68329
-1.0,1,0.683857
-1.0,1,0.684412
-1.0,1,0.684973
-1.0,1,0.685528
-1.0,1,0.686087
-1.0,1,0.686675
-1.0,1,0.687254
-1.0,1,0.68781
-1.0,1,0.688354
-1.0,1,0.688957
-1.0,1,0.689544
-1.0,1,0.690093
-1.0,1,0.690669
-1.0,1,0.691248
-1.0,1,0.691804
-1.0,1,0.692354
-1.0,1,0.692908
-1.0,1,0.693492
-1.0,1,0.694044
-1.0,1,0.694597
-1.0,1,0.695164
-1.0,1,0.69572
-1.0,1,0.696276
-1.0,1,0.696824
-1.0,1,0.697381
-1.0,1,0.697932
-1.0,1,0.698481
-1.0,1,0.69903
-1.0,1,0.699573
-1.0,1,0.700117
-1.0,1,0.700661
-1.0,1,0.701213
-1.0,1,0.701763
-1.0,1,0.702309
-1.0,1,0.702855
-1.0,1,0.703399
-1.0,1,0.703943
-1.0,1,0.704492
-1.0,1,0.705036
-1.0,1,0.705587
-1.0,1,0.706131
-1.0,1,0.706676
-1.0,1,0.707219
-1.0,1,0.707766
-1.0,1,0.708313
-1.0,1,0.708868
-1.0,1,0.709419
-1.0,1,0.709964
-1.0,1,0.710516
-1.0,1,0.711062
-1.0,1,0.711603
-1.0,1,0.712143
-1.0,1,0.712683
-1.0,1,0.713233
-1.0,1,0.713775
-1.0,1,0.714324
-1.0,1,0.714868
-1.0,1,0.715415
-1.0,1,0.71596
-1.0,1,0.716502
-1.0,1,0.71705
-1.0,1,0.717599
-1.0,1,0.718146
-1.0,1,0.718692
-1.0,1,0.719236
-1.0,1,0.71978
-1.0,1,0.720326
-1.0,1,0.720868
-1.0,1,0.721415
-1.0,1,0.721962
-1.0,1,0.722507
-1.0,1,0.723047
-1.0,1,0.723608
-1.0,1,0.724177
-1.0,1,0.724728
-1.0,1,0.725284
-1.0,1,0.725834
-1.0,1,0.726378
-1.0,1,0.726923
-1.0,1,0.727465
-1.0,1,0.728005
-1.0,1,0.728544
-1.0,1,0.729088
-1.0,1,0.729637
-1.0,1,0.730184
-1.0,1,0.730727
-1.0,1,0.731272
-1.0,1,0.731826
-1.0,1,0.732377
-1.0,1,0.732928
-1.0,1,0.733475
-1.0,1,0.734022
-1.0,1,0.734574
-1.0,1,0.735118
-1.0,1,0.735663
-1.0,1,0.736205
-1.0,1,0.736748
-1.0,1,0.737298
-1.0,1,0.737842
-1.0,1,0.738391
-1.0,1,0.738943
-1.0,1,0.739493
-1.0,1,0.740036
-1.0,1,0.740579
-1.0,1,0.741123
-1.0,1,0.741671
-1.0,1,0.742215
-1.0,1,0.742758
-1.0,1,0.743304
-1.0,1,0.743855
-1.0,1,0.744412
-1.0,1,0.744956
-1.0,1,0.745514
-1.0,1,0.746061
-1.0,1,0.746612
-1.0,1,0.747158
-1.0,1,0.747706
-1.0,1,0.748257
-1.0,1,0.748806
-1.0,1,0.749357
-1.0,1,0.749906
-1.0,1,0.75045
-1.0,1,0.750993
-1.0,1,0.751546
-1.0,1,0.752099
-1.0,1,0.752645
-1.0,1,0.753195
-1.0,1,0.75375
-1.0,1,0.754294
-1.0,1,0.754843
-1.0,1,0.755633
-1.0,1,0.756588
-1.0,1,0.757122
-1.0,1,0.757642
-1.0,1,0.758209
-1.0,1,0.758717
-1.0,1,0.759225
-1.0,1,0.759729
-1.0,1,0.76026
-1.0,1,0.760767
-1.0,1,0.761278
-1.0,1,0.76194
-1.0,1,0.762494
-1.0,1,0.763041
-1.0,1,0.7636
-1.0,1,0.764146
-1.0,1,0.764695
-1.0,1,0.765243
-1.0,1,0.76583
-1.0,1,0.766414
-1.0,1,0.766949
-1.0,1,0.767531
-1.0,1,0.768098
-1.0,1,0.768663
-1.0,1,0.769199
-1.0,1,0.769782
-1.0,1,0.77035
-1.0,1,0.770899
-1.0,1,0.771451
-1.0,1,0.771966
-1.0,1,0.772512
-1.0,1,0.773134
-1.0,1,0.773768
-1.0,1,0.774343
-1.0,1,0.774936
-1.0,1,0.775551
-1.0,1,0.776152
-1.0,1,0.776735
-1.0,1,0.777282
-1.0,1,0.77787
-1.0,1,0.778409
-1.0,1,0.77895
-1.0,1,0.779522
-1.0,1,0.780077
-1.0,1,0.780663
-1.0,1,0.781274
-1.0,1,0.781935
-1.0,1,0.782546
-1.0,1,0.783102
-1.0,1,0.783675
-1.0,1,0.784221
-1.0,1,0.784761
-1.0,1,0.785336
-1.0,1,0.785864
-1.0,1,0.786391
-1.0,1,0.78696
-1.0,1,0.787532
-1.0,1,0.788099
-1.0,1,0.788691
-1.0,1,0.789206
-1.0,1,0.789742
-1.0,1,0.790313
-1.0,1,0.790855
-1.0,1,0.791452
-1.0,1,0.791987
-1.0,1,0.792519
-1.0,1,0.793064
-1.0,1,0.793599
-1.0,1,0.794146
-1.0,1,0.794657
-1.0,1,0.795167
-1.0,1,0.795701
-1.0,1,0.796233
-1.0,1,0.796766
-1.0,1,0.797314
-1.0,1,0.79782
-1.0,1,0.798329
-1.0,1,0.79884
-1.0,1,0.799387
-1.0,1,0.799897
-1.0,1,0.800406
-1.0,1,0.800911
-1.0,1,0.80142
-1.0,1,0.801953
-1.0,1,0.802497
-1.0,1,0.803032
-1.0,1,0.803574
-1.0,1,0.804104
-1.0,1,0.804635
-1.0,1,0.805169
-1.0,1,0.805702
-1.0,1,0.806234
-1.0,1,0.806742
-1.0,1,0.807246
-1.0,1,0.807779
-1.0,1,0.808293
-1.0,1,0.808801
-1.0,1,0.809366
-1.0,1,0.809926
-1.0,1,0.810457
-1.0,1,0.81099
-1.0,1,0.811523
-1.0,1,0.812083
-1.0,1,0.81262
-1.0,1,0.813157
-1.0,1,0.813689
-1.0,1,0.814216
-1.0,1,0.814751
-1.0,1,0.815284
-1.0,1,0.815816
-1.0,1,0.816356
-1.0,1,0.816891
-1.0,1,0.817425
-1.0,1,0.817957
-1.0,1,0.818495
-1.0,1,0.819027
-1.0,1,0.819553
-1.0,1,0.820096
-1.0,1,0.820627
-1.0,1,0.821165
-1.0,1,0.821698
-1.0,1,0.822231
-1.0,1,0.822736
-1.0,1,0.82324
-1.0,1,0.823769
-1.0,1,0.824268
-1.0,1,0.824774
-1.0,1,0.825285
-1.0,1,0.825836
-1.0,1,0.826349
-1.0,1,0.826883
-1.0,1,0.827414
-1.0,1,0.82795
-1.0,1,0.828482
-1.0,1,0.829018
-1.0,1,0.829564
-1.0,1,0.830096
-1.0,1,0.830626
-1.0,1,0.83116
-1.0,1,0.831702
-1.0,1,0.832234
-1.0,1,0.832764
-1.0,1,0.833302
-1.0,1,0.833833
-1.0,1,0.834366
-1.0,1,0.834898
-1.0,1,0.835428
-1.0,1,0.83596
-1.0,1,0.836492
-1.0,1,0.837002
-1.0,1,0.837516
-1.0,1,0.838016
-1.0,1,0.838523
-1.0,1,0.839069
-1.0,1,0.839607
-1.0,1,0.840145
-1.0,1,0.840688
-1.0,1,0.841229
-1.0,1,0.841771
-1.0,1,0.842279
-1.0,1,0.84278
-1.0,1,0.843286
-1.0,1,0.843788
-1.0,1,0.844364
-1.0,1,0.844988
-1.0,1,0.845605
-1.0,1,0.846152
-1.0,1,0.846692
-1.0,1,0.847203
-1.0,1,0.847712
-1.0,1,0.848251
-1.0,1,0.848782
-1.0,1,0.849318
-1.0,1,0.849929
-1.0,1,0.850479
-1.0,1,0.85101
-1.0,1,0.851521
-1.0,1,0.85204
-1.0,1,0.852585
-1.0,1,0.853097
-1.0,1,0.853641
-1.0,1,0.854173
-1.0,1,0.854707
-1.0,1,0.855211
-1.0,1,0.855711
-1.0,1,0.856254
-1.0,1,0.856796
-1.0,1,0.857341
-1.0,1,0.857857
-1.0,1,0.858389
-1.0,1,0.858898
-1.0,1,0.859402
-1.0,1,0.859912
-1.0,1,0.860418
-1.0,1,0.860929
-1.0,1,0.86152
-1.0,1,0.862064
-1.0,1,0.862572
-1.0,1,0.863086
-1.0,1,0.86359
-1.0,1,0.864096
-1.0,1,0.864625
-1.0,1,0.865138
-1.0,1,0.865649
-1.0,1,0.866166
-1.0,1,0.866672
-1.0,1,0.867177
-1.0,1,0.867685
-1.0,1,0.868223
-1.0,1,0.868731
-1.0,1,0.869279
-1.0,1,0.869824
-1.0,1,0.870368
-1.0,1,0.870877
-1.0,1,0.871385
-1.0,1,0.871891
-1.0,1,0.872421
-1.0,1,0.872929
-1.0,1,0.873438
-1.0,1,0.87395
-1.0,1,0.874457
-1.0,1,0.874964
-1.0,1,0.875495
-1.0,1,0.876025
-1.0,1,0.876555
-1.0,1,0.877056
-1.0,1,0.877572
-1.0,1,0.878079
-1.0,1,0.878618
-1.0,1,0.879155
-1.0,1,0.879691
-1.0,1,0.880226
-1.0,1,0.880732
-1.0,1,0.88124
-1.0,1,0.881747
-1.0,1,0.882263
-1.0,1,0.882775
-1.0,1,0.883281
-1.0,1,0.883789
-1.0,1,0.884299
-1.0,1,0.8848
-1.0,1,0.885321
-1.0,1,0.885827
-1.0,1,0.886365
-1.0,1,0.886899
-1.0,1,0.887441
-1.0,1,0.887949
-1.0,1,0.888459
-1.0,1,0.888962
-1.0,1,0.889535
-1.0,1,0.890159
-1.0,1,0.890841
-1.0,1,0.891503
-1.0,1,0.892106
-1.0,1,0.892644
-1.0,1,0.893205
-1.0,1,0.893788
-1.0,1,0.894342
-1.0,1,0.894931
-1.0,1,0.895555
-1.0,1,0.89614
-1.0,1,0.896718
-1.0,1,0.89727
-1.0,1,0.897852
-1.0,1,0.898431
-1.0,1,0.898977
-1.0,1,0.899557
-1.0,1,0.900103
-1.0,1,0.900648
-1.0,1,0.901206
-1.0,1,0.901759
-1.0,1,0.902292
-1.0,1,0.902831
-1.0,1,0.903376
-1.0,1,0.903952
-1.0,1,0.904505
-1.0,1,0.905041
-1.0,1,0.905632
-1.0,1,0.906178
-1.0,1,0.906721
-1.0,1,0.907274
-1.0,1,0.907825
-1.0,1,0.908377
-1.0,1,0.908961
-1.0,1,0.909525
-1.0,1,0.910105
-1.0,1,0.910651
-1.0,1,0.911208
-1.0,1,0.911792
-1.0,1,0.912386
-1.0,1,0.912932
-1.0,1,0.913502
-1.0,1,0.914058
-1.0,1,0.914606
-1.0,1,0.915162
-1.0,1,0.915714
-1.0,1,0.916248
-1.0,1,0.916796
-1.0,1,0.917348
-1.0,1,0.917903
-1.0,1,0.918458
-1.0,1,0.919004
-1.0,1,0.919559
-1.0,1,0.920137
-1.0,1,0.92069
-1.0,1,0.921248
-1.0,1,0.921801
-1.0,1,0.922349
-1.0,1,0.922924
-1.0,1,0.923474
-1.0,1,0.924018
-1.0,1,0.924567
-1.0,1,0.925111
-1.0,1,0.925667
-1.0,1,0.926226
-1.0,1,0.92677
-1.0,1,0.927364
-1.0,1,0.927946
-1.0,1,0.928533
-1.0,1,0.929099
-1.0,1,0.929687
-1.0,1,0.930251
-1.0,1,0.930807
-1.0,1,0.93136
-1.0,1,0.931941
-1.0,1,0.932502
-1.0,1,0.933039
-1.0,1,0.933583
-1.0,1,0.934135
-1.0,1,0.934653
-1.0,1,0.935162
-1.0,1,0.935713
-1.0,1,0.936238
-1.0,1,0.936749
-1.0,1,0.937303
-1.0,1,0.937938
-1.0,1,0.938576
-1.0,1,0.93921
-1.0,1,0.939782
-1.0,1,0.94035
-1.0,1,0.940927
-1.0,1,0.941508
-1.0,1,0.942098
-1.0,1,0.942651
-1.0,1,0.943215
-1.0,1,0.943777
-1.0,1,0.94435
-1.0,1,0.944879
-1.0,1,0.945408
-1.0,1,0.945957
-1.0,1,0.946509
-1.0,1,0.947048
-1.0,1,0.94759
-1.0,1,0.948143
-1.0,1,0.948709
-1.0,1,0.949264
-1.0,1,0.949816
-1.0,1,0.950386
-1.0,1,0.950922
-1.0,1,0.951468
-1.0,1,0.952052
-1.0,1,0.952604
-1.0,1,0.953182
-1.0,1,0.953761
-1.0,1,0.954327
-1.0,1,0.954889
-1.0,1,0.955464
-1.0,1,0.956053
-1.0,1,0.956599
-1.0,1,0.957154
-1.0,1,0.957734
-1.0,1,0.958277
-1.0,1,0.958831
-1.0,1,0.959384
-1.0,1,0.959928
-1.0,1,0.960468
-1.0,1,0.961012
-1.0,1,0.961566
-1.0,1,0.962116
-1.0,1,0.96267
-1.0,1,0.963215
-1.0,1,0.96376
-1.0,1,0.964303
-1.0,1,0.964845
-1.0,1,0.965399
-1.0,1,0.965935
-1.0,1,0.96649
-1.0,1,0.967033
-1.0,1,0.967576
-1.0,1,0.968132
-1.0,1,0.968682
-1.0,1,0.969247
-1.0,1,0.969784
-1.0,1,0.970333
-1.0,1,0.970917
-1.0,1,0.971462
-1.0,1,0.972009
-1.0,1,0.972551
-1.0,1,0.973169
-1.0,1,0.973787
-1.0,1,0.974463
-1.0,1,0.975149
-1.0,1,0.975872
-1.0,1,0.976525
-1.0,1,0.977124
-1.0,1,0.977733
-1.0,1,0.978299
-1.0,1,0.978885
-1.0,1,0.97947
-1.0,1,0.980122
-1.0,1,0.980703
-1.0,1,0.981337
-1.0,1,0.98188
-1.0,1,0.982427
-1.0,1,0.983052
-1.0,1,0.983612
-1.0,1,0.984153
-1.0,1,0.984734
-1.0,1,0.985299
-1.0,1,0.985932
-1.0,1,0.986478
-1.0,1,0.987105
-1.0,1,0.987777
-1.0,1,0.988404
-1.0,1,0.989031
-1.0,1,0.989757
-1.0,1,0.990462
-1.0,1,0.991091
-1.0,1,0.991717
-1.0,1,0.992409
-1.0,1,0.993042
-1.0,1,0.993747
-1.0,1,0.994407
-1.0,1,0.995088
-1.0,1,0.99586
-1.0,1,0.9966
-1.0,1,0.99737
-1.0,1,0.998091
-1.0,1,0.998785
-1.0,1,0.999426
-1.0,1,1.000054
-1.0,1,1.000681
-1.0,1,1.001258
-1.0,1,1.001896
-1.0,1,1.002526
-1.0,1,1.003157
-1.0,1,1.003786
-1.0,1,1.004423
-1.0,1,1.005063
-1.0,1,1.005687
-1.0,1,1.00631
-1.0,1,1.006936
-1.0,1,1.007558
-1.0,1,1.008187
-1.0,1,1.008821
-1.0,1,1.009451
-1.0,1,1.010073
-1.0,1,1.010698
-1.0,1,1.011332
-1.0,1,1.01196
-1.0,1,1.012581
-1.0,1,1.013208
-1.0,1,1.013843
-1.0,1,1.014448
-1.0,1,1.015189
-1.0,1,1.015883
-1.0,1,1.016583
-1.0,1,1.017188
-1.0,1,1.017847
-1.0,1,1.018547
-1.0,1,1.019273
-1.0,1,1.019896
-1.0,1,1.020588
-1.0,1,1.02128
-1.0,1,1.021935
-1.0,1,1.02259
-1.0,1,1.023244
-1.0,1,1.023933
-1.0,1,1.024625
-1.0,1,1.02526
-1.0,1,1.025905
-1.0,1,1.026554
-1.0,1,1.027208
-1.0,1,1.027865
-1.0,1,1.028468
-1.0,1,1.029087
-1.0,1,1.02972
-1.0,1,1.03032
-1.0,1,1.030912
-1.0,1,1.031593
-1.0,1,1.032297
-1.0,1,1.032926
-1.0,1,1.033665
-1.0,1,1.034278
-1.0,1,1.034893
-1.0,1,1.035497
-1.0,1,1.036119
-1.0,1,1.03672
-1.0,1,1.037323
-1.0,1,1.037894
-1.0,1,1.038505
-1.0,1,1.039185
-1.0,1,1.03986
-1.0,1,1.040523
-1.0,1,1.041097
-1.0,1,1.041701
-1.0,1,1.042326
-1.0,1,1.042929
-1.0,1,1.043503
-1.0,1,1.044086
-1.0,1,1.044715
-1.0,1,1.045436
-1.0,1,1.046027
-1.0,1,1.046721
-1.0,1,1.047492
-1.0,1,1.048209
-1.0,1,1.048864
-1.0,1,1.049487
-1.0,1,1.050137
-1.0,1,1.050783
-1.0,1,1.051377
-1.0,1,1.051977
-1.0,1,1.052549
-1.0,1,1.053109
-1.0,1,1.053659
-1.0,1,1.054197
-1.0,1,1.054732
-1.0,1,1.055243
-1.0,1,1.055757
-1.0,1,1.056287
-1.0,1,1.056797
-1.0,1,1.057317
-1.0,1,1.057831
-1.0,1,1.058369
-1.0,1,1.058891
-1.0,1,1.059397
-1.0,1,1.05991
-1.0,1,1.060421
-1.0,1,1.06093
-1.0,1,1.061458
-1.0,1,1.061982
-1.0,1,1.06249
-1.0,1,1.063006
-1.0,1,1.063516
-1.0,1,1.064029
-1.0,1,1.064573
-1.0,1,1.06509
-1.0,1,1.065603
-1.0,1,1.066117
-1.0,1,1.066633
-1.0,1,1.06714
-1.0,1,1.067674
-1.0,1,1.068206
-1.0,1,1.068743
-1.0,1,1.069259
-1.0,1,1.069768
-1.0,1,1.070288
-1.0,1,1.070797
-1.0,1,1.071308
-1.0,1,1.071816
-1.0,1,1.072325
-1.0,1,1.072851
-1.0,1,1.073364
-1.0,1,1.073878
-1.0,1,1.074393
-1.0,1,1.074899
-1.0,1,1.075408
-1.0,1,1.075933
-1.0,1,1.076446
-1.0,1,1.076962
-1.0,1,1.077479
-1.0,1,1.07799
-1.0,1,1.078516
-1.0,1,1.079021
-1.0,1,1.079528
-1.0,1,1.080039
-1.0,1,1.080549
-1.0,1,1.081056
-1.0,1,1.081573
-1.0,1,1.082093
-1.0,1,1.082609
-1.0,1,1.083139
-1.0,1,1.083651
-1.0,1,1.084175
-1.0,1,1.084699
-1.0,1,1.085219
-1.0,1,1.085747
-1.0,1,1.086267
-1.0,1,1.086801
-1.0,1,1.087336
-1.0,1,1.087912
-1.0,1,1.08846
-1.0,1,1.088982
-1.0,1,1.089496
-1.0,1,1.090024
-1.0,1,1.090541
-1.0,1,1.091069
-1.0,1,1.091593
-1.0,1,1.092132
-1.0,1,1.092642
-1.0,1,1.093156
-1.0,1,1.093812
-1.0,1,1.09445
-1.0,1,1.095154
-1.0,1,1.095886
-1.0,1,1.096547
-1.0,1,1.097226
-1.0,1,1.097837
-1.0,1,1.098376
-1.0,1,1.098958
-1.0,1,1.099537
-1.0,1,1.100151
-1.0,1,1.100793
-1.0,1,1.101404
-1.0,1,1.102015
-1.0,1,1.102585
-1.0,1,1.103189
-1.0,1,1.103795
-1.0,1,1.104373
-1.0,1,1.104945
-1.0,1,1.105554
-1.0,1,1.106157
-1.0,1,1.106737
-1.0,1,1.107377
-1.0,1,1.107926
-1.0,1,1.108492
-1.0,1,1.109027
-1.0,1,1.109609
-1.0,1,1.11022
-1.0,1,1.110902
-1.0,1,1.111604
-1.0,1,1.112287
-1.0,1,1.112975
-1.0,1,1.113525
-1.0,1,1.11406
-1.0,1,1.114671
-1.0,1,1.115205
-1.0,1,1.115788
-1.0,1,1.116332
-1.0,1,1.116932
-1.0,1,1.117534
-1.0,1,1.118076
-1.0,1,1.118614
-1.0,1,1.119154
-1.0,1,1.119691
-1.0,1,1.120197
-1.0,1,1.120774
-1.0,1,1.121346
-1.0,1,1.121983
-1.0,1,1.122593
-1.0,1,1.123171
-1.0,1,1.123706
-1.0,1,1.124305
-1.0,1,1.124887
-1.0,1,1.12547
-1.0,1,1.126056
-1.0,1,1.126664
-1.0,1,1.127201
-1.0,1,1.127712
-1.0,1,1.128248
-1.0,1,1.128824
-1.0,1,1.129368
-1.0,1,1.129913
-1.0,1,1.130506
-1.0,1,1.131121
-1.0,1,1.131717
-1.0,1,1.132278
-1.0,1,1.132886
-1.0,1,1.133499
-1.0,1,1.134136
-1.0,1,1.134743
-1.0,1,1.135286
-1.0,1,1.135863
-1.0,1,1.136431
-1.0,1,1.136989
-1.0,1,1.137561
-1.0,1,1.138166
-1.0,1,1.138768
-1.0,1,1.139308
-1.0,1,1.139911
-1.0,1,1.140487
-1.0,1,1.141128
-1.0,1,1.141781
-1.0,1,1.142411
-1.0,1,1.142967
-1.0,1,1.143485
-1.0,1,1.144042
-1.0,1,1.144562
-1.0,1,1.145101
-1.0,1,1.145748
-1.0,1,1.146274
-1.0,1,1.146789
-1.0,1,1.147334
-1.0,1,1.147939
-1.0,1,1.148461
-1.0,1,1.148977
-1.0,1,1.149496
-1.0,1,1.150008
-1.0,1,1.150525
-1.0,1,1.151033
-1.0,1,1.151538
-1.0,1,1.152086
-1.0,1,1.152617
-1.0,1,1.153175
-1.0,1,1.153779
-1.0,1,1.15433
-1.0,1,1.154886
-1.0,1,1.155426
-1.0,1,1.155982
-1.0,1,1.15653
-1.0,1,1.157061
-1.0,1,1.157621
-1.0,1,1.158177
-1.0,1,1.158744
-1.0,1,1.159307
-1.0,1,1.159834
-1.0,1,1.160393
-1.0,1,1.16095
-1.0,1,1.161509
-1.0,1,1.162086
-1.0,1,1.16261
-1.0,1,1.163137
-1.0,1,1.163662
-1.0,1,1.164216
-1.0,1,1.16474
-1.0,1,1.16527
-1.0,1,1.165842
-1.0,1,1.16637
-1.0,1,1.16695
-1.0,1,1.167492
-1.0,1,1.168045
-1.0,1,1.168591
-1.0,1,1.169147
-1.0,1,1.169701
-1.0,1,1.170258
-1.0,1,1.170788
-1.0,1,1.171341
-1.0,1,1.171909
-1.0,1,1.172461
-1.0,1,1.173012
-1.0,1,1.173576
-1.0,1,1.174096
-1.0,1,1.17465
-1.0,1,1.175221
-1.0,1,1.175778
-1.0,1,1.176336
-1.0,1,1.176887
-1.0,1,1.17742
-1.0,1,1.177987
-1.0,1,1.178511
-1.0,1,1.179104
-1.0,1,1.17963
-1.0,1,1.180196
-1.0,1,1.180727
-1.0,1,1.181254
-1.0,1,1.181809
-1.0,1,1.182363
-1.0,1,1.182916
-1.0,1,1.183496
-1.0,1,1.184051
-1.0,1,1.184578
-1.0,1,1.185113
-1.0,1,1.185638
-1.0,1,1.18619
-1.0,1,1.186741
-1.0,1,1.187295
-1.0,1,1.187823
-1.0,1,1.188365
-1.0,1,1.188903
-1.0,1,1.189423
-1.0,1,1.189961
-1.0,1,1.190532
-1.0,1,1.191074
-1.0,1,1.191618
-1.0,1,1.192155
-1.0,1,1.192696
-1.0,1,1.193241
-1.0,1,1.193838
-1.0,1,1.194381
-1.0,1,1.194956
-1.0,1,1.195592
-1.0,1,1.196212
-1.0,1,1.196769
-1.0,1,1.197368
-1.0,1,1.19793
-1.0,1,1.198512
-1.0,1,1.199087
-1.0,1,1.19968
-1.0,1,1.200239
-1.0,1,1.200811
-1.0,1,1.201382
-1.0,1,1.201978
-1.0,1,1.202546
-1.0,1,1.20314
-1.0,1,1.203714
-1.0,1,1.204281
-1.0,1,1.204854
-1.0,1,1.205418
-1.0,1,1.205987
-1.0,1,1.206585
-1.0,1,1.207159
-1.0,1,1.207739
-1.0,1,1.208305
-1.0,1,1.20891
-1.0,1,1.209487
-1.0,1,1.210062
-1.0,1,1.210633
-1.0,1,1.211225
-1.0,1,1.211855
-1.0,1,1.212551
-1.0,1,1.213126
-1.0,1,1.213728
-1.0,1,1.214335
-1.0,1,1.214931
-1.0,1,1.215496
-1.0,1,1.216095
-1.0,1,1.21664
-1.0,1,1.217218
-1.0,1,1.217787
-1.0,1,1.218394
-1.0,1,1.218936
-1.0,1,1.219477
-1.0,1,1.219998
-1.0,1,1.220545
-1.0,1,1.221174
-1.0,1,1.221828
-1.0,1,1.222468
-1.0,1,1.223041
-1.0,1,1.223608
-1.0,1,1.224169
-1.0,1,1.224803
-1.0,1,1.225369
-1.0,1,1.225932
-1.0,1,1.226492
-1.0,1,1.227059
-1.0,1,1.227685
-1.0,1,1.228256
-1.0,1,1.228822
-1.0,1,1.22939
-1.0,1,1.23008
-1.0,1,1.230639
-1.0,1,1.231263
-1.0,1,1.231823
-1.0,1,1.232396
-1.0,1,1.233035
-1.0,1,1.233602
-1.0,1,1.234161
-1.0,1,1.234722
-1.0,1,1.235284
-1.0,1,1.235907
-1.0,1,1.236532
-1.0,1,1.237159
-1.0,1,1.237788
-1.0,1,1.238364
-1.0,1,1.238933
-1.0,1,1.239559
-1.0,1,1.240183
-1.0,1,1.240808
-1.0,1,1.241441
-1.0,1,1.242073
-1.0,1,1.242705
-1.0,1,1.243334
-1.0,1,1.243964
-1.0,1,1.244591
-1.0,1,1.245155
-1.0,1,1.245788
-1.0,1,1.246412
-1.0,1,1.246977
-1.0,1,1.24754
-1.0,1,1.248108
-1.0,1,1.248734
-1.0,1,1.249365
-1.0,1,1.249993
-1.0,1,1.250624
-1.0,1,1.251249
-1.0,1,1.251874
-1.0,1,1.252506
-1.0,1,1.253072
-1.0,1,1.25371
-1.0,1,1.254274
-1.0,1,1.254904
-1.0,1,1.255466
-1.0,1,1.256034
-1.0,1,1.256668
-1.0,1,1.25725
-1.0,1,1.257811
-1.0,1,1.258382
-1.0,1,1.258948
-1.0,1,1.259575
-1.0,1,1.260197
-1.0,1,1.260822
-1.0,1,1.261456
-1.0,1,1.262082
-1.0,1,1.262643
-1.0,1,1.263214
-1.0,1,1.263777
-1.0,1,1.264408
-1.0,1,1.264971
-1.0,1,1.265601
-1.0,1,1.266233
-1.0,1,1.266868
-1.0,1,1.267492
-1.0,1,1.268064
-1.0,1,1.268693
-1.0,1,1.269328
-1.0,1,1.269891
-1.0,1,1.270519
-1.0,1,1.271089
-1.0,1,1.271652
-1.0,1,1.272213
-1.0,1,1.272773
-1.0,1,1.273348
-1.0,1,1.273979
-1.0,1,1.274603
-1.0,1,1.275168
-1.0,1,1.275733
-1.0,1,1.276299
-1.0,1,1.276924
-1.0,1,1.277557
-1.0,1,1.278194
-1.0,1,1.278758
-1.0,1,1.279322
-1.0,1,1.279952
-1.0,1,1.280518
-1.0,1,1.281153
-1.0,1,1.281715
-1.0,1,1.282349
-1.0,1,1.282917
-1.0,1,1.283488
-1.0,1,1.284112
-1.0,1,1.284674
-1.0,1,1.28527
-1.0,1,1.285836
-1.0,1,1.286397
-1.0,1,1.286954
-1.0,1,1.287534
-1.0,1,1.288164
-1.0,1,1.288729
-1.0,1,1.289362
-1.0,1,1.289994
-1.0,1,1.290628
-1.0,1,1.291254
-1.0,1,1.291822
-1.0,1,1.292456
-1.0,1,1.293028
-1.0,1,1.293594
-1.0,1,1.294162
-1.0,1,1.294728
-1.0,1,1.29536
-1.0,1,1.295923
-1.0,1,1.296492
-1.0,1,1.297067
-1.0,1,1.297692
-1.0,1,1.298259
-1.0,1,1.298884
-1.0,1,1.299516
-1.0,1,1.300079
-1.0,1,1.300646
-1.0,1,1.301219
-1.0,1,1.301846
-1.0,1,1.302476
-1.0,1,1.30304
-1.0,1,1.303668
-1.0,1,1.304293
-1.0,1,1.304859
-1.0,1,1.30543
-1.0,1,1.306055
-1.0,1,1.306624
-1.0,1,1.307253
-1.0,1,1.307883
-1.0,1,1.308509
-1.0,1,1.309079
-1.0,1,1.30965
-1.0,1,1.310275
-1.0,1,1.310846
-1.0,1,1.311404
-1.0,1,1.312031
-1.0,1,1.312657
-1.0,1,1.313319
-1.0,1,1.313903
-1.0,1,1.314478
-1.0,1,1.31512
-1.0,1,1.315694
-1.0,1,1.316267
-1.0,1,1.31684
-1.0,1,1.317482
-1.0,1,1.318058
-1.0,1,1.318683
-1.0,1,1.31931
-1.0,1,1.319872
-1.0,1,1.320442
-1.0,1,1.321088
-1.0,1,1.321657
-1.0,1,1.322284
-1.0,1,1.32292
-1.0,1,1.323484
-1.0,1,1.324049
-1.0,1,1.32468
-1.0,1,1.32527
-1.0,1,1.325833
-1.0,1,1.32646
-1.0,1,1.327091
-1.0,1,1.32772
-1.0,1,1.328284
-1.0,1,1.328844
-1.0,1,1.329417
-1.0,1,1.329978
-1.0,1,1.330538
-1.0,1,1.331098
-1.0,1,1.331723
-1.0,1,1.332348
-1.0,1,1.332916
-1.0,1,1.333486
-1.0,1,1.334049
-1.0,1,1.334681
-1.0,1,1.335312
-1.0,1,1.335945
-1.0,1,1.336576
-1.0,1,1.337147
-1.0,1,1.337715
-1.0,1,1.338289
-1.0,1,1.338855
-1.0,1,1.339417
-1.0,1,1.340051
-1.0,1,1.340676
-1.0,1,1.341251
-1.0,1,1.341811
-1.0,1,1.342437
-1.0,1,1.343072
-1.0,1,1.343699
-1.0,1,1.344329
-1.0,1,1.344896
-1.0,1,1.34546
-1.0,1,1.346096
-1.0,1,1.346722
-1.0,1,1.347296
-1.0,1,1.347876
-1.0,1,1.348439
-1.0,1,1.348998
-1.0,1,1.349571
-1.0,1,1.350199
-1.0,1,1.350825
-1.0,1,1.35145
-1.0,1,1.352037
-1.0,1,1.35261
-1.0,1,1.353176
-1.0,1,1.353748
-1.0,1,1.354378
-1.0,1,1.355006
-1.0,1,1.35563
-1.0,1,1.356384
-1.0,1,1.357277
-1.0,1,1.357964
-1.0,1,1.358526
-1.0,1,1.359165
-1.0,1,1.359745
-1.0,1,1.360264
-1.0,1,1.360842
-1.0,1,1.361427
-1.0,1,1.36194
-1.0,1,1.362837
-1.0,1,1.363433
-1.0,1,1.364066
-1.0,1,1.364665
-1.0,1,1.365279
-1.0,1,1.365812
-1.0,1,1.366462
-1.0,1,1.367142
-1.0,1,1.36781
-1.0,1,1.368394
-1.0,1,1.368978
-1.0,1,1.369556
-1.0,1,1.370202
-1.0,1,1.370827
-1.0,1,1.37152
-1.0,1,1.372097
-1.0,1,1.372676
-1.0,1,1.373294
-1.0,1,1.373881
-1.0,1,1.374452
-1.0,1,1.375051
-1.0,1,1.375626
-1.0,1,1.376206
-1.0,1,1.376788
-1.0,1,1.377798
-1.0,1,1.379081
-1.0,1,1.379666
-1.0,1,1.380271
-1.0,1,1.380843
-1.0,1,1.381438
-1.0,1,1.381949
-1.0,1,1.382481
-1.0,1,1.382992
-1.0,1,1.383498
-1.0,1,1.384074
-1.0,1,1.384585
-1.0,1,1.385122
-1.0,1,1.385708
-1.0,1,1.386286
-1.0,1,1.386861
-1.0,1,1.387439
-1.0,1,1.388015
-1.0,1,1.388592
-1.0,1,1.389178
-1.0,1,1.389715
-1.0,1,1.390293
-1.0,1,1.390868
-1.0,1,1.3914
-1.0,1,1.391975
-1.0,1,1.392512
-1.0,1,1.393023
-1.0,1,1.393641
-1.0,1,1.394233
-1.0,1,1.39484
-1.0,1,1.395431
-1.0,1,1.396032
-1.0,1,1.396594
-1.0,1,1.397147
-1.0,1,1.397694
-1.0,1,1.398246
-1.0,1,1.398791
-1.0,1,1.399308
-1.0,1,1.399835
-1.0,1,1.400419
-1.0,1,1.401006
-1.0,1,1.401557
-1.0,1,1.4021
-1.0,1,1.402673
-1.0,1,1.403245
-1.0,1,1.40383
-1.0,1,1.40438
-1.0,1,1.404966
-1.0,1,1.405519
-1.0,1,1.406066
-1.0,1,1.406635
-1.0,1,1.407228
-1.0,1,1.407781
-1.0,1,1.408325
-1.0,1,1.408869
-1.0,1,1.409423
-1.0,1,1.409976
-1.0,1,1.410527
-1.0,1,1.411115
-1.0,1,1.411709
-1.0,1,1.412393
-1.0,1,1.412965
-1.0,1,1.413514
-1.0,1,1.414105
-1.0,1,1.414625
-1.0,1,1.415149
-1.0,1,1.415733
-1.0,1,1.41632
-1.0,1,1.416892
-1.0,1,1.417445
-1.0,1,1.417989
-1.0,1,1.418548
-1.0,1,1.419132
-1.0,1,1.419676
-1.0,1,1.420244
-1.0,1,1.420808
-1.0,1,1.421407
-1.0,1,1.421955
-1.0,1,1.422501
-1.0,1,1.42307
-1.0,1,1.423624
-1.0,1,1.424167
-1.0,1,1.424689
-1.0,1,1.425223
-1.0,1,1.425815
-1.0,1,1.426363
-1.0,1,1.426887
-1.0,1,1.427476
-1.0,1,1.428023
-1.0,1,1.428571
-1.0,1,1.42924
-1.0,1,1.429781
-1.0,1,1.430329
-1.0,1,1.430852
-1.0,1,1.431439
-1.0,1,1.432015
-1.0,1,1.432563
-1.0,1,1.433153
-1.0,1,1.433676
-1.0,1,1.434196
-1.0,1,1.434717
-1.0,1,1.435258
-1.0,1,1.435801
-1.0,1,1.436388
-1.0,1,1.436938
-1.0,1,1.437488
-1.0,1,1.438012
-1.0,1,1.438543
-1.0,1,1.439132
-1.0,1,1.439717
-1.0,1,1.440266
-1.0,1,1.440838
-1.0,1,1.441388
-1.0,1,1.44194
-1.0,1,1.442488
-1.0,1,1.443007
-1.0,1,1.443526
-1.0,1,1.444045
-1.0,1,1.444562
-1.0,1,1.445091
-1.0,1,1.445689
-1.0,1,1.446209
-1.0,1,1.446823
-1.0,1,1.447366
-1.0,1,1.447943
-1.0,1,1.448494
-1.0,1,1.449034
-1.0,1,1.449608
-1.0,1,1.450162
-1.0,1,1.450747
-1.0,1,1.451299
-1.0,1,1.451828
-1.0,1,1.452346
-1.0,1,1.452868
-1.0,1,1.453464
-1.0,1,1.45401
-1.0,1,1.45458
-1.0,1,1.455128
-1.0,1,1.455671
-1.0,1,1.45626
-1.0,1,1.456804
-1.0,1,1.457356
-1.0,1,1.457904
-1.0,1,1.458451
-1.0,1,1.458972
-1.0,1,1.459515
-1.0,1,1.460097
-1.0,1,1.460682
-1.0,1,1.461226
-1.0,1,1.461768
-1.0,1,1.462404
-1.0,1,1.462974
-1.0,1,1.463568
-1.0,1,1.464111
-1.0,1,1.464656
-1.0,1,1.465227
-1.0,1,1.465777
-1.0,1,1.46632
-1.0,1,1.466893
-1.0,1,1.467438
-1.0,1,1.468014
-1.0,1,1.46858
-1.0,1,1.469129
-1.0,1,1.469671
-1.0,1,1.470244
-1.0,1,1.470833
-1.0,1,1.471377
-1.0,1,1.471965
-1.0,1,1.472513
-1.0,1,1.473034
-1.0,1,1.47356
-1.0,1,1.474077
-1.0,1,1.474692
-1.0,1,1.475234
-1.0,1,1.475804
-1.0,1,1.476377
-1.0,1,1.476952
-1.0,1,1.477506
-1.0,1,1.478092
-1.0,1,1.47864
-1.0,1,1.479254
-1.0,1,1.479797
-1.0,1,1.480374
-1.0,1,1.48091
-1.0,1,1.481464
-1.0,1,1.481997
-1.0,1,1.482524
-1.0,1,1.483145
-1.0,1,1.483692
-1.0,1,1.484282
-1.0,1,1.484825
-1.0,1,1.485373
-1.0,1,1.485894
-1.0,1,1.486477
-1.0,1,1.487025
-1.0,1,1.487568
-1.0,1,1.488108
-1.0,1,1.488657
-1.0,1,1.489181
-1.0,1,1.489704
-1.0,1,1.490227
-1.0,1,1.490754
-1.0,1,1.491348
-1.0,1,1.491921
-1.0,1,1.492468
-1.0,1,1.493009
-1.0,1,1.493558
-1.0,1,1.494077
-1.0,1,1.494669
-1.0,1,1.495216
-1.0,1,1.495883
-1.0,1,1.496428
-1.0,1,1.496946
-1.0,1,1.497474
-1.0,1,1.497994
-1.0,1,1.498511
-1.0,1,1.499032
-1.0,1,1.499578
-1.0,1,1.500129
-1.0,1,1.50072
-1.0,1,1.501271
-1.0,1,1.501812
-1.0,1,1.502359
-1.0,1,1.502952
-1.0,1,1.503541
-1.0,1,1.504082
-1.0,1,1.504627
-1.0,1,1.505153
-1.0,1,1.505672
-1.0,1,1.506283
-1.0,1,1.50683
-1.0,1,1.507439
-1.0,1,1.508083
-1.0,1,1.508735
-1.0,1,1.509326
-1.0,1,1.509853
-1.0,1,1.510379
-1.0,1,1.510901
-1.0,1,1.511497
-1.0,1,1.512027
-1.0,1,1.512681
-1.0,1,1.513276
-1.0,1,1.513795
-1.0,1,1.514315
-1.0,1,1.514903
-1.0,1,1.515422
-1.0,1,1.515943
-1.0,1,1.516462
-1.0,1,1.516981
-1.0,1,1.517507
-1.0,1,1.51805
-1.0,1,1.518591
-1.0,1,1.519161
-1.0,1,1.519711
-1.0,1,1.520358
-1.0,1,1.520879
-1.0,1,1.521473
-1.0,1,1.522033
-1.0,1,1.522586
-1.0,1,1.52313
-1.0,1,1.523674
-1.0,1,1.524219
-1.0,1,1.524736
-1.0,1,1.525266
-1.0,1,1.525877
-1.0,1,1.526416
-1.0,1,1.526955
-1.0,1,1.527474
-1.0,1,1.527996
-1.0,1,1.528544
-1.0,1,1.529145
-1.0,1,1.529689
-1.0,1,1.530239
-1.0,1,1.530782
-1.0,1,1.531389
-1.0,1,1.531981
-1.0,1,1.532571
-1.0,1,1.533105
-1.0,1,1.533657
-1.0,1,1.534181
-1.0,1,1.534699
-1.0,1,1.535244
-1.0,1,1.535761
-1.0,1,1.536285
-1.0,1,1.536802
-1.0,1,1.53733
-1.0,1,1.537915
-1.0,1,1.53846
-1.0,1,1.539002
-1.0,1,1.539642
-1.0,1,1.540197
-1.0,1,1.540783
-1.0,1,1.541313
-1.0,1,1.541832
-1.0,1,1.542428
-1.0,1,1.542954
-1.0,1,1.543528
-1.0,1,1.544115
-1.0,1,1.544703
-1.0,1,1.545228
-1.0,1,1.545809
-1.0,1,1.54635
-1.0,1,1.546901
-1.0,1,1.547444
-1.0,1,1.548037
-1.0,1,1.548624
-1.0,1,1.549148
-1.0,1,1.549671
-1.0,1,1.550189
-1.0,1,1.550833
-1.0,1,1.551355
-1.0,1,1.551883
-1.0,1,1.55241
-1.0,1,1.552929
-1.0,1,1.553478
-1.0,1,1.554029
-1.0,1,1.554574
-1.0,1,1.55514
-1.0,1,1.555725
-1.0,1,1.556278
-1.0,1,1.556865
-1.0,1,1.557418
-1.0,1,1.557972
-1.0,1,1.558539
-1.0,1,1.55911
-1.0,1,1.559716
-1.0,1,1.560292
-1.0,1,1.560838
-1.0,1,1.561367
-1.0,1,1.561882
-1.0,1,1.562495
-1.0,1,1.56302
-1.0,1,1.563622
-1.0,1,1.564164
-1.0,1,1.564732
-1.0,1,1.565304
-1.0,1,1.565878
-1.0,1,1.566448
-1.0,1,1.566974
-1.0,1,1.567498
-1.0,1,1.568023
-1.0,1,1.568545
-1.0,1,1.569094
-1.0,1,1.569644
-1.0,1,1.570196
-1.0,1,1.570769
-1.0,1,1.571348
-1.0,1,1.5719
-1.0,1,1.57243
-1.0,1,1.572952
-1.0,1,1.573526
-1.0,1,1.574097
-1.0,1,1.574641
-1.0,1,1.57521
-1.0,1,1.575792
-1.0,1,1.576342
-1.0,1,1.57686
-1.0,1,1.577383
-1.0,1,1.577973
-1.0,1,1.578518
-1.0,1,1.579051
-1.0,1,1.57958
-1.0,1,1.580103
-1.0,1,1.580632
-1.0,1,1.581157
-1.0,1,1.581701
-1.0,1,1.582227
-1.0,1,1.582749
-1.0,1,1.583359
-1.0,1,1.583948
-1.0,1,1.584534
-1.0,1,1.585124
-1.0,1,1.585673
-1.0,1,1.586219
-1.0,1,1.586805
-1.0,1,1.587393
-1.0,1,1.587977
-1.0,1,1.588498
-1.0,1,1.589015
-1.0,1,1.5896
-1.0,1,1.590147
-1.0,1,1.590802
-1.0,1,1.591453
-1.0,1,1.592098
-1.0,1,1.592685
-1.0,1,1.593215
-1.0,1,1.593818
-1.0,1,1.594453
-1.0,1,1.595055
-1.0,1,1.595598
-1.0,1,1.596199
-1.0,1,1.596746
-1.0,1,1.597278
-1.0,1,1.597805
-1.0,1,1.598336
-1.0,1,1.598856
-1.0,1,1.599375
-1.0,1,1.5999
-1.0,1,1.60042
-1.0,1,1.60094
-1.0,1,1.601494
-1.0,1,1.602065
-1.0,1,1.602644
-1.0,1,1.603193
-1.0,1,1.603777
-1.0,1,1.604323
-1.0,1,1.604874
-1.0,1,1.605468
-1.0,1,1.605993
-1.0,1,1.606523
-1.0,1,1.607046
-1.0,1,1.607567
-1.0,1,1.608085
-1.0,1,1.608611
-1.0,1,1.609137
-1.0,1,1.609658
-1.0,1,1.610182
-1.0,1,1.610706
-1.0,1,1.611231
-1.0,1,1.61176
-1.0,1,1.612306
-1.0,1,1.612896
-1.0,1,1.613443
-1.0,1,1.614012
-1.0,1,1.614579
-1.0,1,1.615129
-1.0,1,1.615676
-1.0,1,1.616222
-1.0,1,1.616767
-1.0,1,1.617314
-1.0,1,1.617833
-1.0,1,1.618424
-1.0,1,1.618969
-1.0,1,1.61952
-1.0,1,1.620069
-1.0,1,1.620592
-1.0,1,1.621183
-1.0,1,1.621768
-1.0,1,1.622336
-1.0,1,1.622852
-1.0,1,1.623439
-1.0,1,1.623983
-1.0,1,1.624541
-1.0,1,1.625113
-1.0,1,1.625687
-1.0,1,1.626275
-1.0,1,1.626818
-1.0,1,1.627365
-1.0,1,1.627946
-1.0,1,1.628491
-1.0,1,1.629033
-1.0,1,1.629645
-1.0,1,1.630198
-1.0,1,1.630743
-1.0,1,1.631288
-1.0,1,1.631814
-1.0,1,1.632405
-1.0,1,1.63298
-1.0,1,1.633534
-1.0,1,1.634119
-1.0,1,1.634667
-1.0,1,1.635211
-1.0,1,1.635783
-1.0,1,1.636352
-1.0,1,1.636907
-1.0,1,1.637452
-1.0,1,1.638044
-1.0,1,1.638635
-1.0,1,1.639284
-1.0,1,1.639931
-1.0,1,1.640581
-1.0,1,1.641163
-1.0,1,1.641726
-1.0,1,1.6423
-1.0,1,1.642872
-1.0,1,1.643446
-1.0,1,1.644019
-1.0,1,1.644554
-1.0,1,1.645157
-1.0,1,1.6458
-1.0,1,1.646441
-1.0,1,1.647072
-1.0,1,1.647684
-1.0,1,1.648235
-1.0,1,1.648866
-1.0,1,1.649501
-1.0,1,1.650132
-1.0,1,1.650684
-1.0,1,1.651289
-1.0,1,1.651904
-1.0,1,1.652527
-1.0,1,1.65308
-1.0,1,1.653691
-1.0,1,1.654294
-1.0,1,1.654899
-1.0,1,1.655443
-1.0,1,1.656036
-1.0,1,1.656603
-1.0,1,1.657151
-1.0,1,1.6577
-1.0,1,1.658249
-1.0,1,1.658793
-1.0,1,1.659361
-1.0,1,1.659911
-1.0,1,1.660479
-1.0,1,1.661065
-1.0,1,1.661661
-1.0,1,1.662211
-1.0,1,1.662817
-1.0,1,1.663363
-1.0,1,1.663907
-1.0,1,1.664474
-1.0,1,1.665043
-1.0,1,1.665621
-1.0,1,1.666173
-1.0,1,1.666741
-1.0,1,1.667294
-1.0,1,1.667814
-1.0,1,1.66836
-1.0,1,1.668911
-1.0,1,1.669435
-1.0,1,1.670011
-1.0,1,1.670532
-1.0,1,1.671117
-1.0,1,1.671704
-1.0,1,1.672254
-1.0,1,1.672824
-1.0,1,1.673399
-1.0,1,1.673928
-1.0,1,1.687788
-1.0,1,1.688337
-1.0,1,1.688969
-1.0,1,1.689584
-1.0,1,1.690184
-1.0,1,1.690702
-1.0,1,1.691298
-1.0,1,1.691903
-1.0,1,1.692507
-1.0,1,1.693062
-1.0,1,1.693604
-1.0,1,1.694191
-1.0,1,1.694741
-1.0,1,1.695387
-1.0,1,1.696051
-1.0,1,1.696563
-1.0,1,1.697241
-1.0,1,1.69794
-1.0,1,1.698619
-1.0,1,1.699212
-1.0,1,1.699888
-1.0,1,1.700561
-1.0,1,1.701185
-1.0,1,1.701784
-1.0,1,1.702472
-1.0,1,1.703153
-1.0,1,1.703795
-1.0,1,1.704435
-1.0,1,1.704998
-1.0,1,1.70555
-1.0,1,1.706091
-1.0,1,1.706758
-1.0,1,1.70741
-1.0,1,1.708053
-1.0,1,1.708668
-1.0,1,1.709237
-1.0,1,1.709831
-1.0,1,1.710425
-1.0,1,1.710986
-1.0,1,1.711488
-1.0,1,1.712057
-1.0,1,1.712718
-1.0,1,1.713318
-1.0,1,1.713888
-1.0,1,1.714453
-1.0,1,1.715017
-1.0,1,1.715577
-1.0,1,1.716119
-1.0,1,1.71669
-1.0,1,1.717204
-1.0,1,1.717771
-1.0,1,1.718318
-1.0,1,1.718876
-1.0,1,1.719439
-1.0,1,1.719998
-1.0,1,1.720571
-1.0,1,1.721142
-1.0,1,1.721695
-1.0,1,1.72226
-1.0,1,1.722829
-1.0,1,1.723393
-1.0,1,1.723961
-1.0,1,1.724465
-1.0,1,1.725031
-1.0,1,1.725607
-1.0,1,1.726162
-1.0,1,1.726737
-1.0,1,1.727299
-1.0,1,1.727865
-1.0,1,1.728431
-1.0,1,1.728997
-1.0,1,1.729608
-1.0,1,1.73018
-1.0,1,1.730801
-1.0,1,1.731493
-1.0,1,1.732183
-1.0,1,1.732852
-1.0,1,1.733419
-1.0,1,1.734024
-1.0,1,1.734769
-1.0,1,1.735482
-1.0,1,1.736155
-1.0,1,1.736758
-1.0,1,1.737361
-1.0,1,1.737934
-1.0,1,1.738535
-1.0,1,1.739139
-1.0,1,1.73971
-1.0,1,1.740288
-1.0,1,1.740858
-1.0,1,1.741438
-1.0,1,1.742008
-1.0,1,1.742596
-1.0,1,1.743167
-1.0,1,1.743739
-1.0,1,1.744316
-1.0,1,1.74491
-1.0,1,1.745643
-1.0,1,1.746348
-1.0,1,1.747025
-1.0,1,1.747638
-1.0,1,1.748327
-1.0,1,1.749012
-1.0,1,1.749694
-1.0,1,1.750294
-1.0,1,1.750976
-1.0,1,1.751669
-1.0,1,1.752339
-1.0,1,1.752922
-1.0,1,1.75361
-1.0,1,1.754289
-1.0,1,1.754931
-1.0,1,1.755519
-1.0,1,1.756171
-1.0,1,1.756854
-1.0,1,1.757502
-1.0,1,1.758064
-1.0,1,1.758703
-1.0,1,1.759344
-1.0,1,1.759975
-1.0,1,1.760591
-1.0,1,1.761149
-1.0,1,1.761657
-1.0,1,1.762188
-1.0,1,1.762766
-1.0,1,1.763268
-1.0,1,1.763772
-1.0,1,1.764277
-1.0,1,1.764775
-1.0,1,1.765321
-1.0,1,1.76585
-1.0,1,1.766392
-1.0,1,1.76696
-1.0,1,1.767534
-1.0,1,1.768117
-1.0,1,1.768773
-1.0,1,1.769416
-1.0,1,1.769937
-1.0,1,1.770538
-1.0,1,1.771049
-1.0,1,1.771614
-1.0,1,1.772114
-1.0,1,1.772608
-1.0,1,1.773112
-1.0,1,1.773611
-1.0,1,1.774109
-1.0,1,1.774645
-1.0,1,1.775148
-1.0,1,1.775661
-1.0,1,1.776162
-1.0,1,1.776738
-1.0,1,1.777325
-1.0,1,1.777918
-1.0,1,1.778613
-1.0,1,1.779326
-1.0,1,1.779977
-1.0,1,1.780613
-1.0,1,1.781318
-1.0,1,1.863442
-3.0,3,1.865247
-3.0,3,1.866921
-3.0,3,1.868519
-3.0,3,1.870224
-3.0,3,1.871918
-3.0,3,1.873729
-3.0,3,1.876018
-3.0,3,1.877581
-3.0,3,1.879105
-3.0,3,1.880863
-3.0,3,1.882363
-3.0,3,1.884018
-3.0,3,1.88556
-3.0,3,1.887118
-3.0,3,1.88877
-3.0,3,1.891003
-3.0,3,1.892712
-3.0,3,1.894208
-3.0,3,1.895683
-3.0,3,1.897149
-3.0,3,1.8987
-3.0,3,1.900781
-3.0,3,1.902397
-3.0,3,1.903833
-3.0,3,1.90529
-3.0,3,1.906732
-3.0,3,1.908163
-3.0,3,1.909612
-3.0,3,1.911131
-3.0,3,1.912618
-3.0,3,1.914191
-3.0,3,1.915726
-3.0,3,1.917165
-3.0,3,1.918613
-3.0,3,1.92015
-3.0,3,1.921626
-3.0,3,1.923093
-3.0,3,1.924654
-3.0,3,1.926254
-3.0,3,1.92776
-3.0,3,1.92931
-3.0,3,1.930842
-3.0,3,1.932374
-3.0,3,1.934047
-3.0,3,1.935712
-3.0,3,1.93734
-3.0,3,1.938852
-3.0,3,1.940382
-3.0,3,1.942131
-3.0,3,1.943969
-3.0,3,1.945532
-3.0,3,1.947155
-3.0,3,1.948938
-3.0,3,1.950551
-3.0,3,1.952062
-3.0,3,1.953577
-3.0,3,1.955072
-3.0,3,1.956695
-3.0,3,1.958321
-3.0,3,1.959883
-3.0,3,1.961692
-3.0,3,1.96334
-3.0,3,1.965153
-3.0,3,1.967252
-3.0,3,1.968812
-3.0,3,1.970361
-3.0,3,1.971895
-3.0,3,1.973442
-3.0,3,1.974977
-3.0,3,1.976516
-3.0,3,1.978045
-3.0,3,1.979657
-3.0,3,1.981211
-3.0,3,1.982771
-3.0,3,1.984323
-3.0,3,1.985999
-3.0,3,1.987736
-3.0,3,1.989357
-3.0,3,1.991118
-3.0,3,1.992958
-3.0,3,1.994679
-3.0,3,1.996434
-3.0,3,1.99815
-3.0,3,1.999857
-3.0,3,2.001413
-3.0,3,2.00324
-3.0,3,2.004888
-3.0,3,2.006502
-3.0,3,2.008099
-3.0,3,2.009877
-3.0,3,2.011519
-3.0,3,2.013329
-3.0,3,2.014957
-3.0,3,2.01653
-3.0,3,2.018102
-3.0,3,2.019694
-3.0,3,2.021517
-3.0,3,2.023095
-3.0,3,2.024717
-3.0,3,2.026477
-3.0,3,2.028214
-3.0,3,2.029974
-3.0,3,2.031732
-3.0,3,2.033303
-3.0,3,2.03482
-3.0,3,2.036241
-3.0,3,2.037746
-3.0,3,2.039473
-3.0,3,2.041265
-3.0,3,2.042772
-3.0,3,2.044318
-3.0,3,2.045817
-3.0,3,2.047309
-3.0,3,2.048914
-3.0,3,2.05048
-3.0,3,2.051908
-3.0,3,2.053375
-3.0,3,2.054863
-3.0,3,2.056417
-3.0,3,2.057961
-3.0,3,2.059569
-3.0,3,2.061072
-3.0,3,2.062572
-3.0,3,2.064013
-3.0,3,2.065504
-3.0,3,2.066986
-3.0,3,2.068534
-3.0,3,2.070026
-3.0,3,2.071524
-3.0,3,2.073081
-3.0,3,2.074563
-3.0,3,2.076106
-3.0,3,2.077656
-3.0,3,2.079139
-3.0,3,2.080635
-3.0,3,2.082249
-3.0,3,2.083868
-3.0,3,2.085431
-3.0,3,2.086984
-3.0,3,2.088531
-3.0,3,2.089967
-3.0,3,2.091521
-3.0,3,2.093035
-3.0,3,2.094667
-3.0,3,2.096274
-3.0,3,2.09799
-3.0,3,2.099757
-3.0,3,2.101529
-3.0,3,2.10329
-3.0,3,2.10486
-3.0,3,2.106504
-3.0,3,2.108076
-3.0,3,2.109773
-3.0,3,2.111406
-3.0,3,2.113153
-3.0,3,2.11472
-3.0,3,2.116287
-3.0,3,2.117837
-3.0,3,2.119546
-3.0,3,2.121161
-3.0,3,2.122715
-3.0,3,2.1244
-3.0,3,2.126096
-3.0,3,2.127768
-3.0,3,2.129317
-3.0,3,2.130891
-3.0,3,2.132555
-3.0,3,2.134329
-3.0,3,2.135958
-3.0,3,2.137633
-3.0,3,2.13938
-3.0,3,2.141252
-3.0,3,2.143081
-3.0,3,2.144871
-3.0,3,2.146733
-3.0,3,2.148618
-3.0,3,2.150574
-3.0,3,2.152378
-3.0,3,2.154091
-3.0,3,2.155613
-3.0,3,2.157101
-3.0,3,2.158643
-3.0,3,2.160154
-3.0,3,2.161618
-3.0,3,2.163183
-3.0,3,2.164844
-3.0,3,2.166469
-3.0,3,2.168024
-3.0,3,2.169614
-3.0,3,2.171143
-3.0,3,2.17275
-3.0,3,2.174215
-3.0,3,2.175738
-3.0,3,2.177312
-3.0,3,2.178935
-3.0,3,2.180652
-3.0,3,2.182458
-3.0,3,2.184224
-3.0,3,2.185916
-3.0,3,2.187489
-3.0,3,2.189167
-3.0,3,2.190934
-3.0,3,2.192777
-3.0,3,2.194533
-3.0,3,2.196144
-3.0,3,2.197847
-3.0,3,2.199471
-3.0,3,2.201116
-3.0,3,2.202695
-3.0,3,2.204346
-3.0,3,2.205853
-3.0,3,2.207345
-3.0,3,2.209022
-3.0,3,2.210603
-3.0,3,2.212191
-3.0,3,2.21396
-3.0,3,2.215648
-3.0,3,2.217161
-3.0,3,2.218671
-3.0,3,2.220163
-3.0,3,2.221637
-3.0,3,2.223165
-3.0,3,2.224717
-3.0,3,2.226422
-3.0,3,2.228226
-3.0,3,2.229993
-3.0,3,2.231725
-3.0,3,2.233495
-3.0,3,2.235273
-3.0,3,2.236856
-3.0,3,2.238476
-3.0,3,2.240095
-3.0,3,2.241761
-3.0,3,2.24341
-3.0,3,2.245
-3.0,3,2.246636
-3.0,3,2.24826
-3.0,3,2.249953
-3.0,3,2.25157
-3.0,3,2.253169
-3.0,3,2.25475
-3.0,3,2.256332
-3.0,3,2.258006
-3.0,3,2.259877
-3.0,3,2.261945
-3.0,3,2.263771
-3.0,3,2.265319
-3.0,3,2.267173
-3.0,3,2.26888
-3.0,3,2.27063
-3.0,3,2.272248
-3.0,3,2.273888
-3.0,3,2.275481
-3.0,3,2.277113
-3.0,3,2.278729
-3.0,3,2.280441
-3.0,3,2.282025
-3.0,3,2.283874
-3.0,3,2.285541
-3.0,3,2.287178
-3.0,3,2.288751
-3.0,3,2.290423
-3.0,3,2.292325
-3.0,3,2.293939
-3.0,3,2.295553
-3.0,3,2.297348
-3.0,3,2.299199
-3.0,3,2.301193
-3.0,3,2.302688
-3.0,3,2.304206
-3.0,3,2.305822
-3.0,3,2.307395
-3.0,3,2.308917
-3.0,3,2.310496
-3.0,3,2.312002
-3.0,3,2.313622
-3.0,3,2.315363
-3.0,3,2.317212
-3.0,3,2.318834
-3.0,3,2.320326
-3.0,3,2.321865
-3.0,3,2.323447
-3.0,3,2.325016
-3.0,3,2.326553
-3.0,3,2.328082
-3.0,3,2.329525
-3.0,3,2.331677
-3.0,3,2.334073
-3.0,3,2.336052
-3.0,3,2.337947
-3.0,3,2.339669
-3.0,3,2.341303
-3.0,3,2.342815
-3.0,3,2.344277
-3.0,3,2.346041
-3.0,3,2.347863
-3.0,3,2.349736
-3.0,3,2.351927
-3.0,3,2.353658
-3.0,3,2.355499
-3.0,3,2.357273
-3.0,3,2.359047
-3.0,3,2.360921
-3.0,3,2.362885
-3.0,3,2.36493
-3.0,3,2.36691
-3.0,3,2.369176
-3.0,3,2.371117
-3.0,3,2.372907
-3.0,3,2.374577
-3.0,3,2.376371
-3.0,3,2.378095
-3.0,3,2.379966
-3.0,3,2.381752
-3.0,3,2.383645
-3.0,3,2.385313
-3.0,3,2.386886
-3.0,3,2.388428
-3.0,3,2.389998
-3.0,3,2.391563
-3.0,3,2.393104
-3.0,3,2.394629
-3.0,3,2.396147
-3.0,3,2.39778
-3.0,3,2.399711
-3.0,3,2.401685
-3.0,3,2.403429
-3.0,3,2.405091
-3.0,3,2.406675
-3.0,3,2.408295
-3.0,3,2.410036
-3.0,3,2.411751
-3.0,3,2.413674
-3.0,3,2.415282
-3.0,3,2.417403
-3.0,3,2.419022
-3.0,3,2.420786
-3.0,3,2.422637
-3.0,3,2.424532
-3.0,3,2.426404
-3.0,3,2.428103
-3.0,3,2.430119
-3.0,3,2.431895
-3.0,3,2.434161
-3.0,3,2.436052
-3.0,3,2.437771
-3.0,3,2.439439
-3.0,3,2.441027
-3.0,3,2.442607
-3.0,3,2.444161
-3.0,3,2.44605
-3.0,3,2.447855
-3.0,3,2.449786
-3.0,3,2.451977
-3.0,3,2.453825
-3.0,3,2.455636
-3.0,3,2.457425
-3.0,3,2.459192
-3.0,3,2.460938
-3.0,3,2.462703
-3.0,3,2.464511
-3.0,3,2.46631
-3.0,3,2.468379
-3.0,3,2.470053
-3.0,3,2.471709
-3.0,3,2.473275
-3.0,3,2.475029
-3.0,3,2.476684
-3.0,3,2.478594
-3.0,3,2.480466
-3.0,3,2.482328
-3.0,3,2.48442
-3.0,3,2.486296
-3.0,3,2.487928
-3.0,3,2.489677
-3.0,3,2.491362
-3.0,3,2.492953
-3.0,3,2.49465
-3.0,3,2.496514
-3.0,3,2.498406
-3.0,3,2.500334
-3.0,3,2.502272
-3.0,3,2.503982
-3.0,3,2.505685
-3.0,3,2.507481
-3.0,3,2.509049
-3.0,3,2.510679
-3.0,3,2.512433
-3.0,3,2.514108
-3.0,3,2.51579
-3.0,3,2.517685
-3.0,3,2.519476
-3.0,3,2.521177
-3.0,3,2.522853
-3.0,3,2.524539
-3.0,3,2.526249
-3.0,3,2.527972
-3.0,3,2.529699
-3.0,3,2.531287
-3.0,3,2.532766
-3.0,3,2.534666
-3.0,3,2.536391
-3.0,3,2.538025
-3.0,3,2.539491
-3.0,3,2.540957
-3.0,3,2.542552
-3.0,3,2.54414
-3.0,3,2.545621
-3.0,3,2.547744
-3.0,3,2.54987
-3.0,3,2.551931
-3.0,3,2.553616
-3.0,3,2.555552
-3.0,3,2.557195
-3.0,3,2.558733
-3.0,3,2.560309
-3.0,3,2.561924
-3.0,3,2.563469
-3.0,3,2.565036
-3.0,3,2.566765
-3.0,3,2.568846
-3.0,3,2.570604
-3.0,3,2.572183
-3.0,3,2.573861
-3.0,3,2.57537
-3.0,3,2.577034
-3.0,3,2.578767
-3.0,3,2.580693
-3.0,3,2.582713
-3.0,3,2.584719
-3.0,3,2.586413
-3.0,3,2.588187
-3.0,3,2.589904
-3.0,3,2.591621
-3.0,3,2.593352
-3.0,3,2.59523
-3.0,3,2.597197
-3.0,3,2.599005
-3.0,3,2.600992
-3.0,3,2.602703
-3.0,3,2.604477
-3.0,3,2.60615
-3.0,3,2.607902
-3.0,3,2.609589
-3.0,3,2.611129
-3.0,3,2.612751
-3.0,3,2.614566
-3.0,3,2.616178
-3.0,3,2.617794
-3.0,3,2.61935
-3.0,3,2.620897
-3.0,3,2.622509
-3.0,3,2.62405
-3.0,3,2.625598
-3.0,3,2.627256
-3.0,3,2.628811
-3.0,3,2.630608
-3.0,3,2.6322
-3.0,3,2.633767
-3.0,3,2.635538
-3.0,3,2.63713
-3.0,3,2.638739
-3.0,3,2.640407
-3.0,3,2.641997
-3.0,3,2.643542
-3.0,3,2.645314
-3.0,3,2.646919
-3.0,3,2.648813
-3.0,3,2.650478
-3.0,3,2.652496
-3.0,3,2.654202
-3.0,3,2.655875
-3.0,3,2.65753
-3.0,3,2.659347
-3.0,3,2.661156
-3.0,3,2.662776
-3.0,3,2.664613
-3.0,3,2.666297
-3.0,3,2.66818
-3.0,3,2.669854
-3.0,3,2.671547
-3.0,3,2.673194
-3.0,3,2.674861
-3.0,3,2.676595
-3.0,3,2.678334
-3.0,3,2.679839
-3.0,3,2.681686
-3.0,3,2.683617
-3.0,3,2.685407
-3.0,3,2.687191
-3.0,3,2.688991
-3.0,3,2.690853
-3.0,3,2.692742
-3.0,3,2.694735
-3.0,3,2.696672
-3.0,3,2.698767
-3.0,3,2.700729
-3.0,3,2.70269
-3.0,3,2.704668
-3.0,3,2.706694
-3.0,3,2.708562
-3.0,3,2.710356
-3.0,3,2.712161
-3.0,3,2.713987
-3.0,3,2.715784
-3.0,3,2.717963
-3.0,3,2.71982
-3.0,3,2.721658
-3.0,3,2.723475
-3.0,3,2.725415
-3.0,3,2.727318
-3.0,3,2.729244
-3.0,3,2.731206
-3.0,3,2.733203
-3.0,3,2.735224
-3.0,3,2.736963
-3.0,3,2.739059
-3.0,3,2.740914
-3.0,3,2.74282
-3.0,3,2.74487
-3.0,3,2.746843
-3.0,3,2.748807
-3.0,3,2.751139
-3.0,3,2.752784
-3.0,3,2.754452
-3.0,3,2.756045
-3.0,3,2.757651
-3.0,3,2.759439
-3.0,3,2.761325
-3.0,3,2.762897
-3.0,3,2.764858
-3.0,3,2.766715
-3.0,3,2.768708
-3.0,3,2.770508
-3.0,3,2.772154
-3.0,3,2.773844
-3.0,3,2.775568
-3.0,3,2.777438
-3.0,3,2.779056
-3.0,3,2.780839
-3.0,3,2.782449
-3.0,3,2.784537
-3.0,3,2.786493
-3.0,3,2.788234
-3.0,3,2.790141
-3.0,3,2.79179
-3.0,3,2.793508
-3.0,3,2.795199
-3.0,3,2.796843
-3.0,3,2.798658
-3.0,3,2.800528
-3.0,3,2.802231
-3.0,3,2.804097
-3.0,3,2.805763
-3.0,3,2.807622
-3.0,3,2.809421
-3.0,3,2.811044
-3.0,3,2.81295
-3.0,3,2.814668
-3.0,3,2.816538
-3.0,3,2.818648
-3.0,3,2.820545
-3.0,3,2.822387
-3.0,3,2.824173
-3.0,3,2.826079
-3.0,3,2.827979
-3.0,3,2.829793
-3.0,3,2.831647
-3.0,3,2.833342
-3.0,3,2.835103
-3.0,3,2.836802
-3.0,3,2.838566
-3.0,3,2.840334
-3.0,3,2.842061
-3.0,3,2.843867
-3.0,3,2.845938
-3.0,3,2.847764
-3.0,3,2.849802
-3.0,3,2.85169
-3.0,3,2.853642
-3.0,3,2.855454
-3.0,3,2.857147
-3.0,3,2.858883
-3.0,3,2.860456
-3.0,3,2.862014
-3.0,3,2.863649
-3.0,3,2.865403
-3.0,3,2.867162
-3.0,3,2.868811
-3.0,3,2.870458
-3.0,3,2.872197
-3.0,3,2.874003
-3.0,3,2.875819
-3.0,3,2.877678
-3.0,3,2.879511
-3.0,3,2.881381
-3.0,3,2.883216
-3.0,3,2.884931
-3.0,3,2.886642
-3.0,3,2.888287
-3.0,3,2.890162
-3.0,3,2.892061
-3.0,3,2.893791
-3.0,3,2.895524
-3.0,3,2.897271
-3.0,3,2.899141
-3.0,3,2.901039
-3.0,3,2.902797
-3.0,3,2.904502
-3.0,3,2.906393
-3.0,3,2.907998
-3.0,3,2.909841
-3.0,3,2.911647
-3.0,3,2.91343
-3.0,3,2.915208
-3.0,3,2.916913
-3.0,3,2.918546
-3.0,3,2.920421
-3.0,3,2.921925
-3.0,3,2.923447
-3.0,3,2.925005
-3.0,3,2.926723
-3.0,3,2.928379
-3.0,3,2.930032
-3.0,3,2.93161
-3.0,3,2.933329
-3.0,3,2.935257
-3.0,3,2.936783
-3.0,3,2.938411
-3.0,3,2.940217
-3.0,3,2.941982
-3.0,3,2.943858
-3.0,3,2.945916
-3.0,3,2.947879
-3.0,3,2.949746
-3.0,3,2.951358
-3.0,3,2.952943
-3.0,3,2.954707
-3.0,3,2.956697
-3.0,3,2.958747
-3.0,3,2.961065
-3.0,3,2.963023
-3.0,3,2.964984
-3.0,3,2.966795
-3.0,3,2.968469
-3.0,3,2.970028
-3.0,3,2.971577
-3.0,3,2.973135
-3.0,3,2.974703
-3.0,3,2.976271
-3.0,3,2.977829
-3.0,3,2.979427
-3.0,3,2.981155
-3.0,3,2.982845
-3.0,3,2.98456
-3.0,3,2.98616
-3.0,3,2.987699
-3.0,3,2.989243
-3.0,3,2.990781
-3.0,3,2.992293
-3.0,3,2.993949
-3.0,3,2.995485
-3.0,3,2.996948
-3.0,3,2.998501
-3.0,3,3.000061
-3.0,3,3.002091
-3.0,3,3.003791
-3.0,3,3.00544
-3.0,3,3.00718
-3.0,3,3.008802
-3.0,3,3.010409
-3.0,3,3.012071
-3.0,3,3.01388
-3.0,3,3.015588
-3.0,3,3.017241
-3.0,3,3.01893
-3.0,3,3.020865
-3.0,3,3.022945
-3.0,3,3.02487
-3.0,3,3.026906
-3.0,3,3.0288
-3.0,3,3.030742
-3.0,3,3.086383
-9.0,9,3.091408
-9.0,9,3.096448
-8.0,8,3.100979
-9.0,9,3.106303
-9.0,9,3.111601
-8.0,8,3.115366
-9.0,9,3.119893
-9.0,9,3.124907
-9.0,9,3.129798
-8.0,8,3.134176
-9.0,9,3.139036
-8.0,8,3.14358
-8.0,8,3.148932
-9.0,9,3.154885
-8.0,8,3.159561
-9.0,9,3.164718
-9.0,9,3.170331
-8.0,8,3.175011
-9.0,9,3.180006
-9.0,9,3.185125
-8.0,8,3.189243
-8.0,8,3.193332
-9.0,9,3.197935
-9.0,9,3.202545
-8.0,8,3.206903
-9.0,9,3.212083
-9.0,9,3.217211
-9.0,9,3.222357
-9.0,9,3.22724
-9.0,9,3.232384
-9.0,9,3.237242
-8.0,8,3.241689
-8.0,8,3.246197
-8.0,8,3.250808
-9.0,9,3.256124
-10.0,10,3.261893
-9.0,9,3.266733
-8.0,8,3.271976
-9.0,9,3.277893
-9.0,9,3.283659
-9.0,9,3.289284
-8.0,8,3.29336
-8.0,8,3.297698
-8.0,8,3.301883
-9.0,9,3.306985
-8.0,8,3.311496
-9.0,9,3.316237
-8.0,8,3.321131
-9.0,9,3.326955
-9.0,9,3.331693
-9.0,9,3.336631
-9.0,9,3.341629
-8.0,8,3.345952
-9.0,9,3.350448
-9.0,9,3.355761
-9.0,9,3.361155
-9.0,9,3.366988
-8.0,8,3.371999
-9.0,9,3.377363
-9.0,9,3.382657
-9.0,9,3.387696
-9.0,9,3.39277
-9.0,9,3.397679
-9.0,9,3.40256
-8.0,8,3.407041
-9.0,9,3.412919
-8.0,8,3.417938
-9.0,9,3.423003
-8.0,8,3.42748
-8.0,8,3.432154
-9.0,9,3.437406
-9.0,9,3.442425
-9.0,9,3.447569
-9.0,9,3.452681
-9.0,9,3.457773
-9.0,9,3.462798
-9.0,9,3.468098
-9.0,9,3.473351
-9.0,9,3.478443
-9.0,9,3.483719
-9.0,9,3.488752
-9.0,9,3.494087
-9.0,9,3.49931
-9.0,9,3.504554
-9.0,9,3.509837
-8.0,8,3.514499
-8.0,8,3.519061
-9.0,9,3.524223
-8.0,8,3.528817
-9.0,9,3.533988
-9.0,9,3.539197
-9.0,9,3.544456
-9.0,9,3.549464
-9.0,9,3.554501
-9.0,9,3.559619
-8.0,8,3.564375
-10.0,10,3.570172
-9.0,9,3.575392
-9.0,9,3.580653
-9.0,9,3.586184
-9.0,9,3.591533
-9.0,9,3.596942
-8.0,8,3.60186
-9.0,9,3.60712
-9.0,9,3.61248
-8.0,8,3.617278
-9.0,9,3.621698
-9.0,9,3.626158
-9.0,9,3.630589
-9.0,9,3.63503
-8.0,8,3.639096
-8.0,8,3.643514
-8.0,8,3.647455
-9.0,9,3.651806
-10.0,10,3.656465
-8.0,8,3.660197
-9.0,9,3.66438
-8.0,8,3.668116
-9.0,9,3.672345
-9.0,9,3.676545
-10.0,10,3.68142
-9.0,9,3.68581
-8.0,8,3.689577
-9.0,9,3.693954
-9.0,9,3.698725
-9.0,9,3.703466
-9.0,9,3.70787
-8.0,8,3.712621
-8.0,8,3.716763
-9.0,9,3.72116
-8.0,8,3.726996
-9.0,9,3.732755
-8.0,8,3.736949
-9.0,9,3.742626
-9.0,9,3.747335
-9.0,9,3.751781
-9.0,9,3.756697
-10.0,10,3.762225
-9.0,9,3.767072
-9.0,9,3.772379
-9.0,9,3.776791
-9.0,9,3.781072
-9.0,9,3.785808
-9.0,9,3.790492
-8.0,8,3.794549
-8.0,8,3.799006
-8.0,8,3.803024
-9.0,9,3.807969
-9.0,9,3.812808
-8.0,8,3.816995
-8.0,8,3.821391
-9.0,9,3.8261
-9.0,9,3.830956
-9.0,9,3.835953
-8.0,8,3.840721
-9.0,9,3.846071
-8.0,8,3.850984
-9.0,9,3.85677
-9.0,9,3.861985
-8.0,8,3.867079
-8.0,8,3.872457
-9.0,9,3.877766
-9.0,9,3.883205
-9.0,9,3.88835
-9.0,9,3.89315
-9.0,9,3.897705
-8.0,8,3.902135
-9.0,9,3.906623
-8.0,8,3.910365
-9.0,9,3.915355
-8.0,8,3.919115
-8.0,8,3.922808
-9.0,9,3.926942
-9.0,9,3.931075
-9.0,9,3.935293
-9.0,9,3.939423
-9.0,9,3.943557
-9.0,9,3.947692
-8.0,8,3.951432
-9.0,9,3.955622
-9.0,9,3.959805
-9.0,9,3.963976
-9.0,9,3.968216
-8.0,8,3.971938
-9.0,9,3.976072
-9.0,9,3.980209
-8.0,8,3.983947
-9.0,9,3.988076
-9.0,9,3.992526
-9.0,9,3.996657
-8.0,8,4.000607
-9.0,9,4.005116
-9.0,9,4.009547
-8.0,8,4.014001
-8.0,8,4.018738
-9.0,9,4.024038
-9.0,9,4.02919
-9.0,9,4.034394
-9.0,9,4.039647
-8.0,8,4.044407
-9.0,9,4.049738
-8.0,8,4.054395
-9.0,9,4.059118
-9.0,9,4.063457
-9.0,9,4.067881
-8.0,8,4.071737
-8.0,8,4.075611
-9.0,9,4.079945
-8.0,8,4.083797
-9.0,9,4.088144
-9.0,9,4.092481
-8.0,8,4.096577
-8.0,8,4.100503
-8.0,8,4.104507
-9.0,9,4.109023
-9.0,9,4.11353
-8.0,8,4.117573
-9.0,9,4.122023
-9.0,9,4.126493
-9.0,9,4.130973
-9.0,9,4.135401
-9.0,9,4.145712
-9.0,9,4.150795
-9.0,9,4.155695
-8.0,8,4.159933
-9.0,9,4.164547
-8.0,8,4.168567
-9.0,9,4.173325
-9.0,9,4.178216
-9.0,9,4.183057
-9.0,9,4.187862
-8.0,8,4.192896
-8.0,8,4.197396
-10.0,10,4.202506
-9.0,9,4.257391
-16.0,16,4.265688
-15.0,15,4.278877
-15.0,15,4.290273
-15.0,15,4.300157
-17.0,17,4.310747
-18.0,18,4.328315
-17.0,17,4.337891
-16.0,16,4.351159
-16.0,16,4.364214
-15.0,15,4.372313
-15.0,15,4.380103
-19.0,19,4.390098
-15.0,15,4.397747
-16.0,16,4.405955
-15.0,15,4.413637
-16.0,16,4.421773
-15.0,15,4.429354
-17.0,17,4.437984
-16.0,16,4.446063
-16.0,16,4.454188
-14.0,14,4.465459
-16.0,16,4.47354
-15.0,15,4.480663
-16.0,16,4.48878
-19.0,19,4.499393
-19.0,19,4.510236
-16.0,16,4.51913
-15.0,15,4.526324
-17.0,17,4.534421
-15.0,15,4.54181
-16.0,16,4.549613
-17.0,17,4.558814
-15.0,15,4.567188
-16.0,16,4.576824
-17.0,17,4.586596
-16.0,16,4.595643
-16.0,16,4.604839
-16.0,16,4.614163
-15.0,15,4.622244
-15.0,15,4.630587
-18.0,18,4.640308
-16.0,16,4.649857
-15.0,15,4.66016
-15.0,15,4.670598
-17.0,17,4.681224
-16.0,16,4.690238
-17.0,17,4.699744
-17.0,17,4.709612
-16.0,16,4.718987
-16.0,16,4.727814
-15.0,15,4.736259
-17.0,17,4.745154
-14.0,14,4.753174
-17.0,17,4.763211
-16.0,16,4.774348
-16.0,16,4.785171
-15.0,15,4.795087
-15.0,15,4.805569
-17.0,17,4.815822
-16.0,16,4.827075
-17.0,17,4.838775
-15.0,15,4.849205
-15.0,15,4.859643
-16.0,16,4.870876
-17.0,17,4.880846
-16.0,16,4.892503
-16.0,16,4.903203
-16.0,16,4.913521
-17.0,17,4.925601
-16.0,16,4.937124
-17.0,17,4.952578
-15.0,15,4.963259
-16.0,16,4.974628
-17.0,17,4.985185
-15.0,15,4.995347
-16.0,16,5.007468
-15.0,15,5.016168
-19.0,19,5.030665
-16.0,16,5.04198
-15.0,15,5.050935
-15.0,15,5.061835
-15.0,15,5.071119
-18.0,18,5.080755
-18.0,18,5.09604
-14.0,14,5.104769
-16.0,16,5.114404
-16.0,16,5.123171
-16.0,16,5.13167
-15.0,15,5.139584
-16.0,16,5.148382
-15.0,15,5.156663
-17.0,17,5.166044
-16.0,16,5.175531
-16.0,16,5.185126
-18.0,18,5.196049
-16.0,16,5.205798
-15.0,15,5.216258
-16.0,16,5.227463
-17.0,17,5.239146
-17.0,17,5.250806
-15.0,15,5.260939
-14.0,14,5.270431
-16.0,16,5.281149
-15.0,15,5.290633
-15.0,15,5.299043
-17.0,17,5.308306
-15.0,15,5.31637
-15.0,15,5.324562
-16.0,16,5.332819
-18.0,18,5.342418
-15.0,15,5.350129
-15.0,15,5.358018
-16.0,16,5.366668
-16.0,16,5.374545
-17.0,17,5.383158
-17.0,17,5.392069
-16.0,16,5.400184
-16.0,16,5.408133
-15.0,15,5.415503
-13.0,13,5.421946
-15.0,15,5.429492
-17.0,17,5.437615
-15.0,15,5.445006
-16.0,16,5.454028
-14.0,14,5.461678
-16.0,16,5.470139
-17.0,17,5.480577
-14.0,14,5.489325
-17.0,17,5.551611
-25.0,25,5.564277
-22.0,22,5.575393
-32.0,32,5.593598
-33.0,33,5.612306
-26.0,26,5.625876
-200.0,200,5.729828
-30.0,30,5.746912
-200.0,200,5.860269
-21.0,21,5.872513
-27.0,27,5.887364
-29.0,29,5.901006
-200.0,200,5.997675
-200.0,200,6.103348
-200.0,200,6.219979
-200.0,200,6.329171
-21.0,21,6.340546
-25.0,25,6.354376
-200.0,200,6.4586
-200.0,200,6.562023
-23.0,23,6.573897
-23.0,23,6.585074
-25.0,25,6.597831
-22.0,22,6.610199
-30.0,30,6.62534
-200.0,200,6.780346
-32.0,32,6.795882
-200.0,200,6.915636
-200.0,200,7.041855
-200.0,200,7.159615
-200.0,200,7.272797
-200.0,200,7.395349
-200.0,200,7.516026
-200.0,200,7.625263
-200.0,200,7.729941
-200.0,200,7.842567
-200.0,200,8.008521
-200.0,200,8.11937
-200.0,200,8.222359
-200.0,200,8.330808
-200.0,200,8.442819
-200.0,200,8.555722
-200.0,200,8.66444
-200.0,200,8.774671
-28.0,28,8.788625
-200.0,200,8.896145
-200.0,200,9.014869
-200.0,200,9.190028
-200.0,200,9.303458
-32.0,32,9.323797
-200.0,200,9.435405
-200.0,200,9.550783
-200.0,200,9.674814
-200.0,200,9.791141
-200.0,200,9.897992
-200.0,200,10.010213
-43.0,43,10.035215
-200.0,200,10.149367
-200.0,200,10.29942
-200.0,200,10.475808
-200.0,200,10.580298
-37.0,37,10.600504
-200.0,200,10.717411
-28.0,28,10.73416
-200.0,200,10.847784
-200.0,200,10.958161
-200.0,200,11.058482
-200.0,200,11.157768
-36.0,36,11.176112
-30.0,30,11.19228
-200.0,200,11.307804
-200.0,200,11.421371
-200.0,200,11.571887
-200.0,200,11.679209
-200.0,200,11.78195
-30.0,30,11.796673
-200.0,200,11.903974
-43.0,43,11.92761
-200.0,200,12.03522
-48.0,48,12.062084
-32.0,32,12.079958
-200.0,200,12.185823
-34.0,34,12.204503
-200.0,200,12.312951
-200.0,200,12.423263
-200.0,200,12.532022
-200.0,200,12.64329
-200.0,200,12.809488
-40.0,40,12.831619
-33.0,33,12.849974
-200.0,200,12.958803
-200.0,200,13.061446
-200.0,200,13.165945
-200.0,200,13.281537
-200.0,200,13.400202
-200.0,200,13.526064
-34.0,34,13.545246
-200.0,200,13.649006
-200.0,200,13.758419
-200.0,200,13.915439
-33.0,33,13.932421
-200.0,200,14.035027
-200.0,200,14.135336
-200.0,200,14.238719
-200.0,200,14.342317
-200.0,200,14.450268
-200.0,200,14.551158
-36.0,36,14.570897
-200.0,200,14.680028
-26.0,26,14.693581
-38.0,38,14.715585
-34.0,34,14.735173
-35.0,35,14.755985
-200.0,200,14.861468
-200.0,200,15.022958
-27.0,27,15.038044
-200.0,200,15.153151
-200.0,200,15.272058
-200.0,200,15.379643
-200.0,200,15.492888
-28.0,28,15.509089
-200.0,200,15.619645
-200.0,200,15.723324
-200.0,200,15.832209
-200.0,200,15.949826
-137.0,137,16.023471
-33.0,33,16.041534
-200.0,200,16.146937
-27.0,27,16.212544
-34.0,34,16.229698
-45.0,45,16.25495
-31.0,31,16.273061
-200.0,200,16.393452
-44.0,44,16.422429
-200.0,200,16.536619
-200.0,200,16.641068
-200.0,200,16.745857
-200.0,200,16.853761
-39.0,39,16.875198
-33.0,33,16.892583
-44.0,44,16.917111
-46.0,46,16.943348
-43.0,43,16.967191
-43.0,43,16.990532
-36.0,36,17.010038
-200.0,200,17.122109
-40.0,40,17.1454
-200.0,200,17.262697
-200.0,200,17.425942
-200.0,200,17.531821
-51.0,51,17.557388
-33.0,33,17.574934
-200.0,200,17.671578
-200.0,200,17.7727
-200.0,200,17.874656
-39.0,39,17.896338
-200.0,200,18.001964
-200.0,200,18.102327
-200.0,200,18.200284
-200.0,200,18.298794
-137.0,137,18.38641
-200.0,200,18.541327
-44.0,44,18.564323
-200.0,200,18.673319
-200.0,200,18.773345
-200.0,200,18.869805
-40.0,40,18.890442
-36.0,36,18.910558
-138.0,138,19.000776
-34.0,34,19.018873
-142.0,142,19.099346
-39.0,39,19.120309
-44.0,44,19.143801
-34.0,34,19.161996
-38.0,38,19.181694
-36.0,36,19.202771
-35.0,35,19.223788
-34.0,34,19.242183
-47.0,47,19.269063
-36.0,36,19.289854
-200.0,200,19.407646
-145.0,145,19.488599
-200.0,200,19.593835
-139.0,139,19.715089
-47.0,47,19.740781
-62.0,62,19.774151
-43.0,43,19.79595
-44.0,44,19.819484
-42.0,42,19.84422
-143.0,143,19.924121
-38.0,38,19.944628
-56.0,56,19.973407
-51.0,51,19.999765
-46.0,46,20.024022
-55.0,55,20.054669
-41.0,41,20.076239
-67.0,67,20.110732
-44.0,44,20.13208
-42.0,42,20.152386
-45.0,45,20.176063
-158.0,158,20.259595
-44.0,44,20.281932
-44.0,44,20.303361
-46.0,46,20.325748
-53.0,53,20.357074
-200.0,200,20.465129
-166.0,166,20.556431
-152.0,152,20.64286
-52.0,52,20.671782
-55.0,55,20.701499
-159.0,159,20.842516
-40.0,40,20.864285
-41.0,41,20.888268
-44.0,44,20.912795
-50.0,50,20.941218
-54.0,54,20.972063
-62.0,62,21.005923
-42.0,42,21.028857
-146.0,146,21.112648
-60.0,60,21.148267
-48.0,48,21.173842
-42.0,42,21.194899
-51.0,51,21.22182
-49.0,49,21.2472
-45.0,45,21.269157
-45.0,45,21.292601
-42.0,42,21.324204
-48.0,48,21.354046
-47.0,47,21.381442
-176.0,176,21.488606
-45.0,45,21.515981
-46.0,46,21.544236
-40.0,40,21.569363
-48.0,48,21.598929
-60.0,60,21.632723
-46.0,46,21.658951
-41.0,41,21.681045
-86.0,86,21.727196
-50.0,50,21.753484
-40.0,40,21.776723
-51.0,51,21.80386
-82.0,82,21.845231
-44.0,44,21.870182
-47.0,47,21.893982
-43.0,43,21.920351
-42.0,42,21.94229
-51.0,51,21.967481
-200.0,200,22.123244
-50.0,50,22.149315
-44.0,44,22.1715
-47.0,47,22.197154
-47.0,47,22.222278
-45.0,45,22.246005
-48.0,48,22.273022
-44.0,44,22.29435
-43.0,43,22.318833
-46.0,46,22.345939
-43.0,43,22.372134
-49.0,49,22.400355
-40.0,40,22.42189
-41.0,41,22.445684
-51.0,51,22.471913
-46.0,46,22.495701
-44.0,44,22.518598
-43.0,43,22.539459
-40.0,40,22.562238
-45.0,45,22.587431
-41.0,41,22.609848
-46.0,46,22.635422
-47.0,47,22.662321
-47.0,47,22.689403
-41.0,41,22.711131
-45.0,45,22.735928
-46.0,46,22.759608
-50.0,50,22.789503
-41.0,41,22.810867
-40.0,40,22.834528
-44.0,44,22.859885
-46.0,46,22.886816
-49.0,49,22.912755
-43.0,43,22.935675
-46.0,46,22.960807
-43.0,43,22.983964
-43.0,43,23.007169
-52.0,52,23.03225
-43.0,43,23.056369
-45.0,45,23.080589
-49.0,49,23.105918
-48.0,48,23.131465
-45.0,45,23.207223
-43.0,43,23.228547
-42.0,42,23.250207
-45.0,45,23.274917
-43.0,43,23.296727
-42.0,42,23.319269
-43.0,43,23.342676
-50.0,50,23.370111
-45.0,45,23.395966
-45.0,45,23.422044
-46.0,46,23.447748
-51.0,51,23.47295
-44.0,44,23.493992
-46.0,46,23.521122
-42.0,42,23.541803
-43.0,43,23.564048
-46.0,46,23.590178
-48.0,48,23.617485
-47.0,47,23.644326
-46.0,46,23.670209
-46.0,46,23.696271
-45.0,45,23.721078
-44.0,44,23.747434
-41.0,41,23.771056
-44.0,44,23.79337
-42.0,42,23.815624
-41.0,41,23.841114
-46.0,46,23.869711
-44.0,44,23.896848
-43.0,43,23.922826
-42.0,42,23.944355
-47.0,47,23.967884
-43.0,43,23.988974
-46.0,46,24.012175
-46.0,46,24.03942
-44.0,44,24.065758
-45.0,45,24.089529
-46.0,46,24.115251
-47.0,47,24.141813
-43.0,43,24.167175
-45.0,45,24.193955
-62.0,62,24.225159
-44.0,44,24.248686
-45.0,45,24.27234
-43.0,43,24.297119
-44.0,44,24.323654
-48.0,48,24.410954
-50.0,50,24.444548
-49.0,49,24.474364
-48.0,48,24.503876
-51.0,51,24.531994
-48.0,48,24.562945
-54.0,54,24.598517
-52.0,52,24.630393
-54.0,54,24.656158
-50.0,50,24.680661
-48.0,48,24.711173
-47.0,47,24.740959
-48.0,48,24.769221
-50.0,50,24.796299
-50.0,50,24.824701
-49.0,49,24.855205
-49.0,49,24.88157
-46.0,46,24.909736
-54.0,54,24.940494
-47.0,47,24.965405
-49.0,49,24.995563
-50.0,50,25.022404
-53.0,53,25.052685
-48.0,48,25.080723
-50.0,50,25.110184
-48.0,48,25.138138
-49.0,49,25.167613
-50.0,50,25.19489
-49.0,49,25.222296
-52.0,52,25.248487
-48.0,48,25.272706
-59.0,59,25.301744
-46.0,46,25.32498
-51.0,51,25.349844
-50.0,50,25.377588
-54.0,54,25.406292
-52.0,52,25.432502
-48.0,48,25.455777
-50.0,50,25.479684
-51.0,51,25.504462
-55.0,55,25.531671
-49.0,49,25.60977
-62.0,62,25.643807
-54.0,54,25.673074
-60.0,60,25.706411
-63.0,63,25.741163
-66.0,66,25.776723
-58.0,58,25.809599
-56.0,56,25.841607
-60.0,60,25.875426
-60.0,60,25.905411
-55.0,55,25.935942
-56.0,56,25.964157
-61.0,61,25.994747
-58.0,58,26.022894
-62.0,62,26.052252
-57.0,57,26.078877
-59.0,59,26.105963
-59.0,59,26.133279
-60.0,60,26.165575
-59.0,59,26.19764
-57.0,57,26.228002
-63.0,63,26.262633
-61.0,61,26.295803
-57.0,57,26.327496
-60.0,60,26.361162
-63.0,63,26.402086
-58.0,58,26.438705
-58.0,58,26.4724
-55.0,55,26.504461
-55.0,55,26.53614
-63.0,63,26.57691
-56.0,56,26.606323
-60.0,60,26.641226
-58.0,58,26.669945
-61.0,61,26.701911
-55.0,55,26.785409
-66.0,66,26.822006
-68.0,68,26.860632
-65.0,65,26.898095
-66.0,66,26.934301
-68.0,68,26.970739
-67.0,67,27.008986
-69.0,69,27.045688
-94.0,94,27.101358
-67.0,67,27.140127
-68.0,68,27.180314
-80.0,80,27.225286
-71.0,71,27.265906
-67.0,67,27.303988
-65.0,65,27.342318
-200.0,200,27.450478
-75.0,75,27.48936
-66.0,66,27.520961
-74.0,74,27.560951
-64.0,64,27.59594
-66.0,66,27.629998
-71.0,71,27.666664
-71.0,71,27.705335
-63.0,63,27.742603
-71.0,71,27.783292
-66.0,66,27.821557
-78.0,78,27.869128
-82.0,82,27.979605
-196.0,196,28.102195
-200.0,200,28.205758
-188.0,188,28.299454
-81.0,81,28.340592
-80.0,80,28.382069
-190.0,190,28.480094
-200.0,200,28.588617
-80.0,80,28.631329
-200.0,200,28.743801
-200.0,200,28.846215
-91.0,91,28.892654
-85.0,85,28.935526
-168.0,168,29.024553
-200.0,200,29.183889
-200.0,200,29.2882
-200.0,200,29.392012
-200.0,200,29.496727
-200.0,200,29.594817
-200.0,200,29.690058
-200.0,200,29.785347
-200.0,200,29.905281
-200.0,200,30.010354
-200.0,200,30.11004
-200.0,200,30.266415
-200.0,200,30.368123
-200.0,200,30.479539
-200.0,200,30.594181
-200.0,200,30.704116
-200.0,200,30.817001
-200.0,200,30.932168
-200.0,200,31.037177
-200.0,200,31.148832
-200.0,200,31.258913
-200.0,200,31.426213
-200.0,200,31.534852
-200.0,200,31.641762
-200.0,200,31.752984
-200.0,200,31.866656
-200.0,200,31.982339
-200.0,200,32.092014
-200.0,200,32.206195
-200.0,200,32.316038
-200.0,200,32.427989
-200.0,200,32.581113
-200.0,200,32.679731
-200.0,200,32.784709
-200.0,200,32.892794
-200.0,200,33.000036
-200.0,200,33.111109
-200.0,200,33.223131
-200.0,200,33.32919
-200.0,200,33.426487
-200.0,200,33.523209
-200.0,200,33.633296
-200.0,200,33.790123
-200.0,200,33.896138
-200.0,200,33.997482
-200.0,200,34.103353
-200.0,200,34.207515
-200.0,200,34.307052
-200.0,200,34.410446
-200.0,200,34.520679
-200.0,200,34.634364
-200.0,200,34.738556
-200.0,200,34.906965
-200.0,200,35.029646
-200.0,200,35.145855
-200.0,200,35.256099
-200.0,200,35.369747
-200.0,200,35.475152
-200.0,200,35.583384
-200.0,200,35.692619
-200.0,200,35.804627
-200.0,200,35.921447
-200.0,200,36.084137
-200.0,200,36.182676
-200.0,200,36.275917
-200.0,200,36.375238
-200.0,200,36.478472
-200.0,200,36.583245
-200.0,200,36.690513
-200.0,200,36.794103
-200.0,200,36.893103
-200.0,200,36.991532
-200.0,200,37.15445
-200.0,200,37.255624
-200.0,200,37.357146
-200.0,200,37.461225
-200.0,200,37.570723
-200.0,200,37.669665
-200.0,200,37.772557
-200.0,200,37.876698
-200.0,200,37.984298
-200.0,200,38.086564
-200.0,200,38.190294
-200.0,200,38.348331
-200.0,200,38.453505
-200.0,200,38.558888
-200.0,200,38.66496
-200.0,200,38.763509
-200.0,200,38.865178
-200.0,200,38.972154
-200.0,200,39.075824
-200.0,200,39.179237
-200.0,200,39.291375
-200.0,200,39.447771
-200.0,200,39.558954
-200.0,200,39.682281
-200.0,200,39.804807
-200.0,200,39.930506
-200.0,200,40.047798
-200.0,200,40.148162
-200.0,200,40.255031
-200.0,200,40.38222
-200.0,200,40.518102
-200.0,200,40.690007
-200.0,200,40.800586
-200.0,200,40.91783
-200.0,200,41.027735
-200.0,200,41.139946
-200.0,200,41.248576
-200.0,200,41.353959
-200.0,200,41.471268
-200.0,200,41.57672
-200.0,200,41.679946
-200.0,200,41.826434
-200.0,200,41.936154
-200.0,200,42.038477
-200.0,200,42.140937
-200.0,200,42.247349
-200.0,200,42.349918
-200.0,200,42.45935
-200.0,200,42.570916
-200.0,200,42.693119
-200.0,200,42.814646
-200.0,200,42.937874
-200.0,200,43.102972
-200.0,200,43.217983
-200.0,200,43.321455
-200.0,200,43.42907
-200.0,200,43.532363
-200.0,200,43.641543
-200.0,200,43.748124
-200.0,200,43.843915
-200.0,200,43.950217
-200.0,200,44.069996
-200.0,200,44.224953
-200.0,200,44.32456
-200.0,200,44.438426
-200.0,200,44.554356
-200.0,200,44.664538
-200.0,200,44.767474
-200.0,200,44.878045
-200.0,200,44.989157
-200.0,200,45.115157
-200.0,200,45.23166
-200.0,200,45.38748
-200.0,200,45.494377
-200.0,200,45.602564
-200.0,200,45.705645
-200.0,200,45.805344
-200.0,200,45.907227
-200.0,200,46.003091
-200.0,200,46.102514
-200.0,200,46.201241
-200.0,200,46.296293
-200.0,200,46.468029
-200.0,200,46.584354
-200.0,200,46.696707
-200.0,200,46.796264
-200.0,200,46.902831
-200.0,200,47.012627
-200.0,200,47.113998
-200.0,200,47.215187
-200.0,200,47.333555
-200.0,200,47.455445
-200.0,200,47.582684
-200.0,200,47.761957
-200.0,200,47.857287
-200.0,200,47.968323
-200.0,200,48.080818
-200.0,200,48.192456
-200.0,200,48.312077
-200.0,200,48.421476
-200.0,200,48.523364
-200.0,200,48.624624
-200.0,200,48.730348
-200.0,200,48.891794
-200.0,200,48.991038
-200.0,200,49.094815
-200.0,200,49.210306
-200.0,200,49.316708
-127.0,127,49.388946
-200.0,200,49.495134
-200.0,200,49.59814
-200.0,200,49.69561
-200.0,200,49.801296
-200.0,200,49.961565
-200.0,200,50.065428
-200.0,200,50.17069
-200.0,200,50.286031
-200.0,200,50.403309
-200.0,200,50.52257
-200.0,200,50.638895
-200.0,200,50.74173
-200.0,200,50.851377
-200.0,200,50.961942
-200.0,200,51.066185
-200.0,200,51.230788
-200.0,200,51.33122
-200.0,200,51.446055
-200.0,200,51.557556
-200.0,200,51.664477
-200.0,200,51.767099
-200.0,200,51.870591
-200.0,200,51.979813
-200.0,200,52.098001
-200.0,200,52.206611
-200.0,200,52.38111
-200.0,200,52.487982
-200.0,200,52.59455
-200.0,200,52.704695
-200.0,200,52.808527
-200.0,200,52.922266
-200.0,200,53.032002
-200.0,200,53.134949
-200.0,200,53.241956
-200.0,200,53.345712
-200.0,200,53.512628
-200.0,200,53.628714
-200.0,200,53.737621
-200.0,200,53.846579
-200.0,200,53.950588
-200.0,200,54.055214
-200.0,200,54.155954
-200.0,200,54.272249
-200.0,200,54.380033
-200.0,200,54.487002
-200.0,200,54.642731
-200.0,200,54.751096
-187.0,187,54.851384
-200.0,200,54.957265
-200.0,200,55.066588
-200.0,200,55.170645
-200.0,200,55.272921
-200.0,200,55.374534
-200.0,200,55.479297
-200.0,200,55.581705
-200.0,200,55.686659
-200.0,200,55.846177
-200.0,200,55.958894
-200.0,200,56.074257
-200.0,200,56.188613
-200.0,200,56.291091
-200.0,200,56.402157
-200.0,200,56.507158
-200.0,200,56.623481
-200.0,200,56.733591
-200.0,200,56.84732
-200.0,200,57.001636
-200.0,200,57.110844
-200.0,200,57.225013
-200.0,200,57.330102
-200.0,200,57.448747
-200.0,200,57.568161
-200.0,200,57.677502
-200.0,200,57.787888
-200.0,200,57.895923
-200.0,200,57.995301
-200.0,200,58.142205
-200.0,200,58.25214
-200.0,200,58.370338
-200.0,200,58.480526
-200.0,200,58.589085
-200.0,200,58.69205
-200.0,200,58.798635
-200.0,200,58.908325
-200.0,200,59.01685
-200.0,200,59.131092
-200.0,200,59.315214
-200.0,200,59.437959
-200.0,200,59.544526
-200.0,200,59.648934
-200.0,200,59.7573
-200.0,200,59.874491
-200.0,200,59.982793
-200.0,200,60.093677
-200.0,200,60.206729
-200.0,200,60.314453
-200.0,200,60.427167
-200.0,200,60.593128
-200.0,200,60.695015
-200.0,200,60.799055
-200.0,200,60.909693
-200.0,200,61.019648
-200.0,200,61.127205
-200.0,200,61.242359
-200.0,200,61.356433
-200.0,200,61.468956
-200.0,200,61.569719
-200.0,200,61.719028
-200.0,200,61.811859
-200.0,200,61.918822
-200.0,200,62.029073
-200.0,200,62.133021
-200.0,200,62.247804
-200.0,200,62.362983
-200.0,200,62.483808
-200.0,200,62.598644
-200.0,200,62.718648
-200.0,200,62.88612
-200.0,200,62.998606
-200.0,200,63.103829
-200.0,200,63.220246
-200.0,200,63.326627
-200.0,200,63.43931
-200.0,200,63.544332
-200.0,200,63.652868
-200.0,200,63.758843
-200.0,200,63.864459
-200.0,200,64.032206
-200.0,200,64.141544
-200.0,200,64.245108
-200.0,200,64.349501
-200.0,200,64.448933
-200.0,200,64.560461
-200.0,200,64.667622
-200.0,200,64.76888
-200.0,200,64.880994
-200.0,200,64.988652
-200.0,200,65.103001
-200.0,200,65.263835
-200.0,200,65.367496
-200.0,200,65.477131
-200.0,200,65.593521
-200.0,200,65.716434
-200.0,200,65.812511
-200.0,200,65.926089
-200.0,200,66.035686
-200.0,200,66.149534
-200.0,200,66.263197
-200.0,200,66.42633
-200.0,200,66.532205
-200.0,200,66.643895
-200.0,200,66.752599
-200.0,200,66.86385
-200.0,200,66.974916
-200.0,200,67.085175
-200.0,200,67.196822
-200.0,200,67.301533
-200.0,200,67.40072
-200.0,200,67.556032
-200.0,200,67.658418
-200.0,200,67.761385
-200.0,200,67.868345
-200.0,200,67.98543
-200.0,200,68.096298
-200.0,200,68.203799
-200.0,200,68.306393
-200.0,200,68.415216
-200.0,200,68.522131
-200.0,200,68.678852
-200.0,200,68.7855
-200.0,200,68.907827
-200.0,200,69.022217
-200.0,200,69.14027
-200.0,200,69.249007
-200.0,200,69.358193
-200.0,200,69.473891
-200.0,200,69.579628
-200.0,200,69.676152
-200.0,200,69.782792
-200.0,200,69.942221
-200.0,200,70.048335
-200.0,200,70.151896
-200.0,200,70.249217
-200.0,200,70.347736
-200.0,200,70.447448
-200.0,200,70.546265
-200.0,200,70.64646
-200.0,200,70.753781
-200.0,200,70.864471
-200.0,200,71.029296
-200.0,200,71.13564
-200.0,200,71.250038
-200.0,200,71.352364
-200.0,200,71.468107
-200.0,200,71.578506
-200.0,200,71.689391
-200.0,200,71.799057
-200.0,200,71.908006
-200.0,200,72.0178
-200.0,200,72.183711
-200.0,200,72.291604
-200.0,200,72.394066
-200.0,200,72.494166
-200.0,200,72.591847
-200.0,200,72.698343
-200.0,200,72.811045
-200.0,200,72.921345
-200.0,200,73.029511
-200.0,200,73.142353
-200.0,200,73.308167
-200.0,200,73.410175
-200.0,200,73.524233
-200.0,200,73.632007
-200.0,200,73.741926
-200.0,200,73.846865
-200.0,200,73.945231
-200.0,200,74.041
-200.0,200,74.145228
-200.0,200,74.248856
-200.0,200,74.356742
-200.0,200,74.509817
-200.0,200,74.610934
-200.0,200,74.734448
-200.0,200,74.855445
-200.0,200,74.968289
-200.0,200,75.070335
-200.0,200,75.17886
-200.0,200,75.289497
-200.0,200,75.399672
-200.0,200,75.512414
-200.0,200,75.673292
-200.0,200,75.773226
-200.0,200,75.875993
-200.0,200,75.984812
-200.0,200,76.097816
-200.0,200,76.210595
-200.0,200,76.32246
-200.0,200,76.442115
-200.0,200,76.555935
-200.0,200,76.666456
-200.0,200,76.823308
-200.0,200,76.936986
-200.0,200,77.039253
-200.0,200,77.136285
-200.0,200,77.241828
-200.0,200,77.348592
-200.0,200,77.459711
-200.0,200,77.561978
-200.0,200,77.6725
-200.0,200,77.787546
-200.0,200,77.962688
-200.0,200,78.07321
-200.0,200,78.182022
-200.0,200,78.29458
-200.0,200,78.406802
-200.0,200,78.516558
-200.0,200,78.620992
-200.0,200,78.738877
-200.0,200,78.860625
-200.0,200,78.978181
-200.0,200,79.086562
-200.0,200,79.254139
-200.0,200,79.360902
-200.0,200,79.487233
-200.0,200,79.601104
-200.0,200,79.709867
-200.0,200,79.814328
-200.0,200,79.92391
-200.0,200,80.037524
-200.0,200,80.14357
-200.0,200,80.25328
-200.0,200,80.407048
-200.0,200,80.514908
-200.0,200,80.620172
-200.0,200,80.72008
-200.0,200,80.825
-200.0,200,80.935974
-200.0,200,81.041645
-200.0,200,81.147584
-200.0,200,81.246231
-200.0,200,81.339454
-200.0,200,81.492109
-200.0,200,81.605068
-200.0,200,81.707446
-200.0,200,81.814532
-200.0,200,81.912975
-200.0,200,82.006723
-200.0,200,82.100258
-200.0,200,82.199091
-200.0,200,82.298775
-200.0,200,82.407611
-200.0,200,82.578374
-200.0,200,82.69387
-200.0,200,82.799535
-200.0,200,82.907193
-200.0,200,83.018779
-200.0,200,83.134358
-200.0,200,83.248596
-200.0,200,83.365062
-200.0,200,83.479724
-200.0,200,83.594442
-200.0,200,83.758275
-200.0,200,83.866918
-200.0,200,83.977843
-200.0,200,84.089869
-200.0,200,84.193573
-200.0,200,84.294692
-200.0,200,84.397657
-200.0,200,84.502559
-200.0,200,84.610094
-200.0,200,84.71825
-200.0,200,84.8225
-200.0,200,84.979748
-200.0,200,85.084
-200.0,200,85.182277
-200.0,200,85.285114
-200.0,200,85.380907
-200.0,200,85.478581
-200.0,200,85.576118
-200.0,200,85.679155
-200.0,200,85.77991
-200.0,200,85.882958
-200.0,200,86.039006
-200.0,200,86.147367
-200.0,200,86.254719
-200.0,200,86.357276
-200.0,200,86.462274
-200.0,200,86.570562
-200.0,200,86.672649
-200.0,200,86.773021
-200.0,200,86.876404
-200.0,200,86.984795
-200.0,200,87.146689
-200.0,200,87.25211
-200.0,200,87.363203
-200.0,200,87.476817
-200.0,200,87.584594
-200.0,200,87.690768
-200.0,200,87.809111
-200.0,200,87.923502
-200.0,200,88.049197
-200.0,200,88.176495
-200.0,200,88.356611
-200.0,200,88.4754
-200.0,200,88.619073
-200.0,200,88.73644
-200.0,200,88.858117
-200.0,200,88.975367
-200.0,200,89.101368
-200.0,200,89.226505
-200.0,200,89.33829
-200.0,200,89.446431
-200.0,200,89.542838
-200.0,200,89.699099
-200.0,200,89.804942
-200.0,200,89.906444
-200.0,200,90.005324
-200.0,200,90.110403
-200.0,200,90.214818
-200.0,200,90.31553
-200.0,200,90.424104
-200.0,200,90.539013
-200.0,200,90.643277
-200.0,200,90.798295
-200.0,200,90.911395
-200.0,200,91.014853
-200.0,200,91.120609
-200.0,200,91.225132
-200.0,200,91.332146
-200.0,200,91.433752
-200.0,200,91.54013
-200.0,200,91.672215
-200.0,200,91.798309
-200.0,200,91.988801
-200.0,200,92.108142
-200.0,200,92.213899
-200.0,200,92.327358
-200.0,200,92.440552
-200.0,200,92.557039
-200.0,200,92.677591
-200.0,200,92.791417
-200.0,200,92.904214
-200.0,200,93.019872
-200.0,200,93.195996
-200.0,200,93.307886
-200.0,200,93.422403
-200.0,200,93.536238
-200.0,200,93.643876
-200.0,200,93.75536
-200.0,200,93.870109
-200.0,200,93.982837
-200.0,200,94.0933
-200.0,200,94.205569
-200.0,200,94.319863
-200.0,200,94.486922
-200.0,200,94.605047
-200.0,200,94.719137
-200.0,200,94.82613
-200.0,200,94.927689
-200.0,200,95.026912
-200.0,200,95.138284
-200.0,200,95.242243
-200.0,200,95.345811
-200.0,200,95.458101
-200.0,200,95.617015
-200.0,200,95.727602
-200.0,200,95.839333
-200.0,200,95.978101
-200.0,200,96.094104
-200.0,200,96.199306
-200.0,200,96.3056
-200.0,200,96.443663
-200.0,200,96.62068
-200.0,200,96.743665
-200.0,200,96.915505
-200.0,200,97.037852
-200.0,200,97.172347
-200.0,200,97.297506
-200.0,200,97.417198
-200.0,200,97.531745
-200.0,200,97.633876
-200.0,200,97.745573
-200.0,200,97.861014
-200.0,200,97.966396
-200.0,200,98.11981
-200.0,200,98.224405
-200.0,200,98.344846
-200.0,200,98.466633
-200.0,200,98.583473
-200.0,200,98.705608
-200.0,200,98.816926
-200.0,200,98.930746
-200.0,200,99.03582
-200.0,200,99.143904
-200.0,200,99.246607
-200.0,200,99.400819
-200.0,200,99.506266
-200.0,200,99.613333
-200.0,200,99.713309
-200.0,200,99.812908
-200.0,200,99.917611
-200.0,200,100.021848
-200.0,200,100.125447
-200.0,200,100.230173
-200.0,200,100.331021
-200.0,200,100.496478
-200.0,200,100.607566
-200.0,200,100.719696
-200.0,200,100.820443
-200.0,200,100.930471
-200.0,200,101.056299
-200.0,200,101.182479
-200.0,200,101.307343
-200.0,200,101.430177
-200.0,200,101.563695
-200.0,200,101.733333
-200.0,200,101.861274
-200.0,200,101.992915
-200.0,200,102.143448
-200.0,200,102.264257
-200.0,200,102.376743
-200.0,200,102.489419
-200.0,200,102.630291
-200.0,200,102.746062
-200.0,200,102.859078
-200.0,200,103.030651
-200.0,200,103.137421
-200.0,200,103.242603
-200.0,200,103.34581
-200.0,200,103.456539
-200.0,200,103.573536
-200.0,200,103.676477
-200.0,200,103.776019
-200.0,200,103.886904
-200.0,200,103.994369
-200.0,200,104.100818
-200.0,200,104.261467
-200.0,200,104.367329
-200.0,200,104.483306
-200.0,200,104.597706
-200.0,200,104.697987
-200.0,200,104.802016
-200.0,200,104.910078
-200.0,200,105.01119
-200.0,200,105.118475
-200.0,200,105.223633
-200.0,200,105.380554
-200.0,200,105.494695
-200.0,200,105.608896
-200.0,200,105.737861
-200.0,200,105.852613
-200.0,200,105.962143
-200.0,200,106.072261
-200.0,200,106.178915
-200.0,200,106.288465
-200.0,200,106.399433
-200.0,200,106.567461
-200.0,200,106.675196
-200.0,200,106.780685
-200.0,200,106.884666
-200.0,200,106.993242
-200.0,200,107.097927
-200.0,200,107.202343
-200.0,200,107.310675
-200.0,200,107.41763
-200.0,200,107.528794
-200.0,200,107.68612
-200.0,200,107.78939
-200.0,200,107.893278
-200.0,200,108.001072
-200.0,200,108.105022
-200.0,200,108.222658
-200.0,200,108.328054
-200.0,200,108.443362
-200.0,200,108.551445
-200.0,200,108.652882
-200.0,200,108.758071
-200.0,200,108.913533
-200.0,200,109.037992
-200.0,200,109.149966
-200.0,200,109.263146
-200.0,200,109.372134
-200.0,200,109.475354
-200.0,200,109.59151
-200.0,200,109.714674
-200.0,200,109.842116
-200.0,200,109.974928
-200.0,200,110.187449
-200.0,200,110.319546
-200.0,200,110.475587
-200.0,200,110.606829
-200.0,200,110.748831
-200.0,200,110.863205
-200.0,200,110.998484
-200.0,200,111.14077
-200.0,200,111.264964
-200.0,200,111.420535
-200.0,200,111.633683
-200.0,200,111.759248
-200.0,200,111.875437
-200.0,200,111.992357
-200.0,200,112.10658
-200.0,200,112.223135
-200.0,200,112.337679
-200.0,200,112.452747
-200.0,200,112.568238
-200.0,200,112.689127
-200.0,200,112.8722
-200.0,200,112.993526
-200.0,200,113.104131
-200.0,200,113.215261
-200.0,200,113.334056
-200.0,200,113.440365
-200.0,200,113.550465
-200.0,200,113.703174
-200.0,200,113.831532
-200.0,200,113.976867
-200.0,200,114.173336
-200.0,200,114.310244
-200.0,200,114.456836
-200.0,200,114.597711
-200.0,200,114.705857
-200.0,200,114.815541
-200.0,200,114.936475
-200.0,200,115.044629
-200.0,200,115.162174
-200.0,200,115.26858
-200.0,200,115.37446
