# {"t_start": 1545330649.5872664, "env_id": "MountainCar-v0"} 
r,l,t
-3.0,3,0.59754
-3.0,3,0.599327
-3.0,3,0.60124
-3.0,3,0.602921
-3.0,3,0.604613
-3.0,3,0.606313
-3.0,3,0.608147
-3.0,3,0.609575
-3.0,3,0.611106
-3.0,3,0.612531
-3.0,3,0.614022
-3.0,3,0.615546
-3.0,3,0.617059
-3.0,3,0.618538
-3.0,3,0.619964
-3.0,3,0.621392
-3.0,3,0.622817
-3.0,3,0.624239
-3.0,3,0.62567
-3.0,3,0.627094
-3.0,3,0.628514
-3.0,3,0.629935
-3.0,3,0.631358
-3.0,3,0.632777
-3.0,3,0.634201
-3.0,3,0.635636
-3.0,3,0.637063
-3.0,3,0.638564
-3.0,3,0.64009
-3.0,3,0.641741
-3.0,3,0.643336
-3.0,3,0.64497
-3.0,3,0.646603
-3.0,3,0.648185
-3.0,3,0.649707
-3.0,3,0.651316
-3.0,3,0.653064
-3.0,3,0.65796
-3.0,3,0.660976
-3.0,3,0.662606
-3.0,3,0.664101
-3.0,3,0.665668
-3.0,3,0.667254
-3.0,3,0.671353
-3.0,3,0.673234
-3.0,3,0.674959
-3.0,3,0.676567
-3.0,3,0.678689
-3.0,3,0.680361
-3.0,3,0.682036
-3.0,3,0.683715
-3.0,3,0.685381
-3.0,3,0.687
-3.0,3,0.688586
-3.0,3,0.690176
-3.0,3,0.691906
-3.0,3,0.693512
-3.0,3,0.695106
-3.0,3,0.696759
-3.0,3,0.698408
-3.0,3,0.700043
-3.0,3,0.701699
-3.0,3,0.703359
-3.0,3,0.705015
-3.0,3,0.706593
-3.0,3,0.708175
-3.0,3,0.709893
-3.0,3,0.711535
-3.0,3,0.713192
-3.0,3,0.714861
-3.0,3,0.716484
-3.0,3,0.71809
-3.0,3,0.719692
-3.0,3,0.721297
-3.0,3,0.722901
-3.0,3,0.724535
-3.0,3,0.726203
-3.0,3,0.727855
-3.0,3,0.729456
-3.0,3,0.73104
-3.0,3,0.732615
-3.0,3,0.734352
-3.0,3,0.736017
-3.0,3,0.737762
-3.0,3,0.739314
-3.0,3,0.741205
-3.0,3,0.743744
-3.0,3,0.746054
-3.0,3,0.747794
-3.0,3,0.749622
-3.0,3,0.751384
-3.0,3,0.753219
-3.0,3,0.75901
-3.0,3,0.763774
-3.0,3,0.765714
-3.0,3,0.76732
-3.0,3,0.768911
-3.0,3,0.770425
-3.0,3,0.771964
-3.0,3,0.773517
-3.0,3,0.775229
-3.0,3,0.777113
-3.0,3,0.778945
-3.0,3,0.78059
-3.0,3,0.782276
-3.0,3,0.783937
-3.0,3,0.785505
-3.0,3,0.787115
-3.0,3,0.788764
-3.0,3,0.790367
-3.0,3,0.792109
-3.0,3,0.794147
-3.0,3,0.795974
-3.0,3,0.797715
-3.0,3,0.799572
-3.0,3,0.801192
-3.0,3,0.802647
-3.0,3,0.804094
-3.0,3,0.805542
-3.0,3,0.807082
-3.0,3,0.808687
-3.0,3,0.810452
-3.0,3,0.812562
-3.0,3,0.814255
-3.0,3,0.8158
-3.0,3,0.81732
-3.0,3,0.818763
-3.0,3,0.820452
-3.0,3,0.822002
-3.0,3,0.823611
-3.0,3,0.825216
-3.0,3,0.82686
-3.0,3,0.82848
-3.0,3,0.829991
-3.0,3,0.831508
-3.0,3,0.833007
-3.0,3,0.834498
-3.0,3,0.836056
-3.0,3,0.837553
-3.0,3,0.839162
-3.0,3,0.84085
-3.0,3,0.84248
-3.0,3,0.844093
-3.0,3,0.845707
-3.0,3,0.847321
-3.0,3,0.848943
-3.0,3,0.85057
-3.0,3,0.852124
-3.0,3,0.853622
-3.0,3,0.855244
-3.0,3,0.856807
-3.0,3,0.858371
-3.0,3,0.859987
-3.0,3,0.861602
-3.0,3,0.86317
-3.0,3,0.864658
-3.0,3,0.866143
-3.0,3,0.867697
-3.0,3,0.869186
-3.0,3,0.870673
-3.0,3,0.872373
-3.0,3,0.874057
-3.0,3,0.875678
-3.0,3,0.877354
-3.0,3,0.879035
-3.0,3,0.880716
-3.0,3,0.882411
-3.0,3,0.884091
-3.0,3,0.885834
-3.0,3,0.88752
-3.0,3,0.88913
-3.0,3,0.890689
-3.0,3,0.892423
-3.0,3,0.894146
-3.0,3,0.895887
-3.0,3,0.897624
-3.0,3,0.89926
-3.0,3,0.900936
-3.0,3,0.902612
-3.0,3,0.904288
-3.0,3,0.905896
-3.0,3,0.907575
-3.0,3,0.90919
-3.0,3,0.910869
-3.0,3,0.912482
-3.0,3,0.914103
-3.0,3,0.91572
-3.0,3,0.917428
-3.0,3,0.919279
-3.0,3,0.921271
-3.0,3,0.922997
-3.0,3,0.924686
-3.0,3,0.926563
-3.0,3,0.928264
-3.0,3,0.929919
-3.0,3,0.931579
-3.0,3,0.93325
-3.0,3,0.935005
-3.0,3,0.936682
-3.0,3,0.938385
-3.0,3,0.940075
-3.0,3,0.941894
-3.0,3,0.944338
-3.0,3,0.950021
-3.0,3,0.951771
-3.0,3,0.969762
-3.0,3,0.971613
-3.0,3,0.973223
-3.0,3,0.975322
-3.0,3,0.977456
-3.0,3,0.983687
-3.0,3,0.985509
-3.0,3,0.987114
-3.0,3,0.988821
-3.0,3,0.990424
-3.0,3,0.992023
-3.0,3,0.993776
-3.0,3,0.995994
-3.0,3,0.997685
-3.0,3,0.999199
-3.0,3,1.000705
-3.0,3,1.002169
-3.0,3,1.003713
-3.0,3,1.005305
-3.0,3,1.006856
-3.0,3,1.008506
-3.0,3,1.010186
-3.0,3,1.012362
-3.0,3,1.016671
-3.0,3,1.019007
-3.0,3,1.021041
-3.0,3,1.022605
-3.0,3,1.024235
-3.0,3,1.026173
-3.0,3,1.028846
-3.0,3,1.030671
-3.0,3,1.03263
-3.0,3,1.034601
-3.0,3,1.036841
-3.0,3,1.039104
-3.0,3,1.041194
-3.0,3,1.043382
-3.0,3,1.045355
-3.0,3,1.047175
-3.0,3,1.048901
-3.0,3,1.052992
-3.0,3,1.054645
-3.0,3,1.056178
-3.0,3,1.057719
-3.0,3,1.059367
-3.0,3,1.061367
-3.0,3,1.063226
-3.0,3,1.064773
-3.0,3,1.06624
-3.0,3,1.067818
-3.0,3,1.069489
-3.0,3,1.071013
-3.0,3,1.072486
-3.0,3,1.073963
-3.0,3,1.075549
-3.0,3,1.077459
-3.0,3,1.079298
-3.0,3,1.080904
-3.0,3,1.082399
-3.0,3,1.083879
-3.0,3,1.085351
-3.0,3,1.086861
-3.0,3,1.088369
-3.0,3,1.090065
-3.0,3,1.091671
-3.0,3,1.093153
-3.0,3,1.094598
-3.0,3,1.096023
-3.0,3,1.097548
-3.0,3,1.099238
-3.0,3,1.101097
-3.0,3,1.102801
-3.0,3,1.104538
-3.0,3,1.106239
-3.0,3,1.107939
-3.0,3,1.109634
-3.0,3,1.111384
-3.0,3,1.113361
-3.0,3,1.115069
-3.0,3,1.116918
-3.0,3,1.1187
-3.0,3,1.120573
-3.0,3,1.122253
-3.0,3,1.123868
-3.0,3,1.125623
-3.0,3,1.127114
-3.0,3,1.128569
-3.0,3,1.130023
-3.0,3,1.131489
-3.0,3,1.132937
-3.0,3,1.134393
-3.0,3,1.135849
-3.0,3,1.137305
-3.0,3,1.141444
-3.0,3,1.144122
-3.0,3,1.146611
-3.0,3,1.148211
-3.0,3,1.149801
-3.0,3,1.151422
-3.0,3,1.152992
-3.0,3,1.15459
-3.0,3,1.15615
-3.0,3,1.157792
-3.0,3,1.159616
-3.0,3,1.161361
-3.0,3,1.163429
-3.0,3,1.165116
-3.0,3,1.166644
-3.0,3,1.168082
-3.0,3,1.169505
-3.0,3,1.170926
-3.0,3,1.172349
-3.0,3,1.173768
-3.0,3,1.175266
-3.0,3,1.176677
-3.0,3,1.178096
-3.0,3,1.179507
-3.0,3,1.180919
-3.0,3,1.182366
-3.0,3,1.183898
-3.0,3,1.185313
-3.0,3,1.18674
-3.0,3,1.188151
-3.0,3,1.189743
-3.0,3,1.191313
-3.0,3,1.193126
-3.0,3,1.194817
-3.0,3,1.196419
-3.0,3,1.198045
-3.0,3,1.199737
-3.0,3,1.201458
-3.0,3,1.203222
-3.0,3,1.204972
-3.0,3,1.206679
-3.0,3,1.208422
-3.0,3,1.21021
-3.0,3,1.211897
-3.0,3,1.213586
-3.0,3,1.215304
-3.0,3,1.217022
-3.0,3,1.218735
-3.0,3,1.220434
-3.0,3,1.222135
-3.0,3,1.223851
-3.0,3,1.225586
-3.0,3,1.227265
-3.0,3,1.229043
-3.0,3,1.230825
-3.0,3,1.232657
-3.0,3,1.234536
-3.0,3,1.236191
-3.0,3,1.238127
-3.0,3,1.240608
-3.0,3,1.245989
-3.0,3,1.248179
-3.0,3,1.250134
-3.0,3,1.251653
-3.0,3,1.253451
-3.0,3,1.255245
-3.0,3,1.257046
-3.0,3,1.258903
-3.0,3,1.26053
-3.0,3,1.262129
-3.0,3,1.263672
-3.0,3,1.265212
-3.0,3,1.266762
-3.0,3,1.268294
-3.0,3,1.269974
-3.0,3,1.271772
-3.0,3,1.273414
-3.0,3,1.275193
-3.0,3,1.276828
-3.0,3,1.278526
-3.0,3,1.280077
-3.0,3,1.281575
-3.0,3,1.283221
-3.0,3,1.284901
-3.0,3,1.287179
-3.0,3,1.289011
-3.0,3,1.290598
-3.0,3,1.292314
-3.0,3,1.294198
-3.0,3,1.296136
-3.0,3,1.297859
-3.0,3,1.299645
-3.0,3,1.301491
-3.0,3,1.303216
-3.0,3,1.304847
-3.0,3,1.306641
-3.0,3,1.308444
-3.0,3,1.310107
-3.0,3,1.311935
-3.0,3,1.31367
-3.0,3,1.315467
-3.0,3,1.317075
-3.0,3,1.31881
-3.0,3,1.320495
-3.0,3,1.322031
-3.0,3,1.323592
-3.0,3,1.325166
-3.0,3,1.3268
-3.0,3,1.32831
-3.0,3,1.329931
-3.0,3,1.331499
-3.0,3,1.332942
-3.0,3,1.334675
-3.0,3,1.336187
-3.0,3,1.34144
-3.0,3,1.344008
-3.0,3,1.346875
-3.0,3,1.349548
-3.0,3,1.354894
-3.0,3,1.356769
-3.0,3,1.358495
-3.0,3,1.360478
-3.0,3,1.365207
-3.0,3,1.369326
-3.0,3,1.37115
-3.0,3,1.372809
-3.0,3,1.37455
-3.0,3,1.376423
-3.0,3,1.378931
-3.0,3,1.380518
-3.0,3,1.382302
-3.0,3,1.384282
-3.0,3,1.386179
-3.0,3,1.388239
-3.0,3,1.390246
-3.0,3,1.39237
-3.0,3,1.394379
-3.0,3,1.398695
-3.0,3,1.400936
-3.0,3,1.403206
-3.0,3,1.405137
-3.0,3,1.407007
-3.0,3,1.408928
-3.0,3,1.410936
-3.0,3,1.413801
-3.0,3,1.415869
-3.0,3,1.417953
-3.0,3,1.419998
-3.0,3,1.422002
-3.0,3,1.423939
-3.0,3,1.425863
-3.0,3,1.428309
-3.0,3,1.430322
-3.0,3,1.432216
-3.0,3,1.434198
-3.0,3,1.436216
-3.0,3,1.439236
-3.0,3,1.441043
-3.0,3,1.442909
-3.0,3,1.444522
-3.0,3,1.446126
-3.0,3,1.448049
-3.0,3,1.450844
-3.0,3,1.45398
-3.0,3,1.455722
-3.0,3,1.45755
-3.0,3,1.459228
-3.0,3,1.461126
-3.0,3,1.463056
-3.0,3,1.464919
-3.0,3,1.466724
-3.0,3,1.468496
-3.0,3,1.470318
-3.0,3,1.471855
-3.0,3,1.473498
-3.0,3,1.475452
-3.0,3,1.477139
-3.0,3,1.478918
-3.0,3,1.480629
-3.0,3,1.482104
-3.0,3,1.483749
-3.0,3,1.485551
-3.0,3,1.4874
-3.0,3,1.489289
-3.0,3,1.491017
-3.0,3,1.492778
-3.0,3,1.494518
-3.0,3,1.496335
-3.0,3,1.497985
-3.0,3,1.499681
-3.0,3,1.501354
-3.0,3,1.502956
-3.0,3,1.504737
-3.0,3,1.506409
-3.0,3,1.508259
-3.0,3,1.510755
-3.0,3,1.513752
-3.0,3,1.5158
-3.0,3,1.517527
-3.0,3,1.519054
-3.0,3,1.520645
-3.0,3,1.525387
-3.0,3,1.527181
-3.0,3,1.529485
-3.0,3,1.531153
-3.0,3,1.532837
-3.0,3,1.534523
-3.0,3,1.536485
-3.0,3,1.538259
-3.0,3,1.543022
-3.0,3,1.546108
-3.0,3,1.547981
-3.0,3,1.549691
-3.0,3,1.551259
-3.0,3,1.55276
-3.0,3,1.554248
-3.0,3,1.555903
-3.0,3,1.557414
-3.0,3,1.559264
-3.0,3,1.561411
-3.0,3,1.563261
-3.0,3,1.565
-3.0,3,1.566688
-3.0,3,1.568453
-3.0,3,1.570128
-3.0,3,1.571994
-3.0,3,1.573938
-3.0,3,1.575685
-3.0,3,1.577546
-3.0,3,1.579632
-3.0,3,1.581241
-3.0,3,1.582802
-3.0,3,1.584335
-3.0,3,1.585863
-3.0,3,1.587418
-3.0,3,1.5889
-3.0,3,1.590418
-3.0,3,1.592139
-3.0,3,1.593695
-3.0,3,1.595188
-3.0,3,1.596711
-3.0,3,1.598201
-3.0,3,1.599674
-3.0,3,1.601195
-3.0,3,1.602706
-3.0,3,1.604393
-3.0,3,1.605999
-3.0,3,1.607604
-3.0,3,1.609239
-3.0,3,1.610843
-3.0,3,1.612624
-3.0,3,1.614373
-3.0,3,1.615959
-3.0,3,1.617635
-3.0,3,1.619346
-3.0,3,1.620985
-3.0,3,1.622706
-3.0,3,1.624503
-3.0,3,1.626236
-3.0,3,1.627989
-3.0,3,1.629717
-3.0,3,1.631564
-3.0,3,1.633311
-3.0,3,1.63501
-3.0,3,1.636699
-3.0,3,1.638339
-3.0,3,1.639918
-3.0,3,1.641639
-3.0,3,1.643228
-3.0,3,1.644903
-3.0,3,1.646599
-3.0,3,1.648202
-3.0,3,1.649893
-3.0,3,1.651687
-3.0,3,1.653358
-3.0,3,1.655042
-3.0,3,1.656639
-3.0,3,1.658183
-3.0,3,1.6597
-3.0,3,1.661169
-3.0,3,1.662809
-3.0,3,1.664454
-3.0,3,1.666093
-3.0,3,1.667635
-3.0,3,1.669397
-3.0,3,1.671094
-3.0,3,1.672642
-3.0,3,1.674109
-3.0,3,1.675561
-3.0,3,1.677113
-3.0,3,1.678752
-3.0,3,1.680478
-3.0,3,1.682152
-3.0,3,1.683841
-3.0,3,1.6855
-3.0,3,1.687194
-3.0,3,1.688905
-3.0,3,1.690644
-3.0,3,1.692348
-3.0,3,1.69404
-3.0,3,1.695744
-3.0,3,1.697491
-3.0,3,1.699163
-3.0,3,1.700805
-3.0,3,1.702542
-3.0,3,1.70424
-3.0,3,1.705932
-3.0,3,1.70757
-3.0,3,1.709274
-3.0,3,1.710937
-3.0,3,1.713226
-3.0,3,1.718284
-3.0,3,1.720012
-3.0,3,1.721572
-3.0,3,1.723226
-3.0,3,1.724828
-3.0,3,1.726321
-3.0,3,1.728991
-3.0,3,1.730546
-3.0,3,1.732001
-3.0,3,1.73343
-3.0,3,1.73487
-3.0,3,1.736305
-3.0,3,1.748111
-3.0,3,1.750275
-3.0,3,1.755228
-3.0,3,1.762646
-3.0,3,1.764961
-3.0,3,1.7699
-3.0,3,1.774398
-3.0,3,1.776474
-3.0,3,1.779206
-3.0,3,1.780917
-3.0,3,1.782582
-3.0,3,1.784242
-3.0,3,1.785907
-3.0,3,1.787558
-3.0,3,1.78937
-3.0,3,1.791277
-3.0,3,1.793302
-3.0,3,1.795118
-3.0,3,1.796764
-3.0,3,1.798391
-3.0,3,1.800073
-3.0,3,1.80168
-3.0,3,1.803381
-3.0,3,1.805045
-3.0,3,1.80666
-3.0,3,1.808356
-3.0,3,1.810036
-3.0,3,1.811715
-3.0,3,1.813386
-3.0,3,1.81503
-3.0,3,1.816701
-3.0,3,1.818418
-3.0,3,1.820092
-3.0,3,1.821771
-3.0,3,1.823474
-3.0,3,1.825145
-3.0,3,1.826785
-3.0,3,1.828412
-3.0,3,1.830076
-3.0,3,1.831678
-3.0,3,1.833335
-3.0,3,1.83496
-3.0,3,1.836647
-3.0,3,1.838296
-3.0,3,1.839987
-3.0,3,1.841702
-3.0,3,1.843391
-3.0,3,1.845491
-3.0,3,1.847795
-3.0,3,1.849553
-3.0,3,1.851305
-3.0,3,1.853025
-3.0,3,1.856137
-3.0,3,1.858534
-3.0,3,1.86084
-3.0,3,1.863095
-3.0,3,1.865407
-3.0,3,1.867729
-3.0,3,1.870148
-3.0,3,1.872646
-3.0,3,1.874897
-3.0,3,1.980525
-15.0,15,1.98934
-15.0,15,1.999872
-18.0,18,2.015399
-16.0,16,2.0231
-19.0,19,2.033662
-15.0,15,2.041686
-14.0,14,2.048626
-17.0,17,2.057252
-15.0,15,2.064987
-16.0,16,2.073239
-15.0,15,2.080833
-15.0,15,2.088386
-15.0,15,2.095959
-15.0,15,2.103647
-17.0,17,2.113776
-14.0,14,2.122239
-17.0,17,2.132695
-16.0,16,2.14183
-16.0,16,2.151001
-17.0,17,2.160789
-16.0,16,2.169957
-15.0,15,2.178844
-16.0,16,2.187917
-15.0,15,2.196928
-15.0,15,2.205488
-14.0,14,2.213527
-17.0,17,2.223288
-14.0,14,2.230865
-16.0,16,2.239436
-15.0,15,2.247807
-14.0,14,2.255487
-16.0,16,2.264295
-15.0,15,2.272306
-16.0,16,2.28078
-19.0,19,2.290762
-19.0,19,2.301072
-14.0,14,2.308737
-14.0,14,2.316294
-14.0,14,2.323108
-16.0,16,2.33179
-16.0,16,2.340851
-18.0,18,2.35101
-16.0,16,2.35989
-15.0,15,2.368213
-16.0,16,2.37746
-18.0,18,2.387898
-16.0,16,2.396992
-14.0,14,2.405021
-16.0,16,2.414254
-14.0,14,2.422026
-15.0,15,2.430324
-15.0,15,2.438631
-16.0,16,2.447662
-17.0,17,2.457152
-15.0,15,2.465892
-17.0,17,2.475507
-16.0,16,2.484753
-16.0,16,2.494763
-16.0,16,2.5041
-17.0,17,2.512931
-17.0,17,2.522175
-16.0,16,2.530327
-18.0,18,2.540587
-14.0,14,2.547826
-15.0,15,2.555654
-16.0,16,2.564533
-17.0,17,2.573436
-15.0,15,2.580932
-15.0,15,2.588887
-17.0,17,2.597626
-17.0,17,2.608641
-16.0,16,2.619805
-15.0,15,2.629341
-16.0,16,2.640681
-16.0,16,2.651995
-16.0,16,2.661468
-16.0,16,2.672135
-16.0,16,2.682794
-21.0,21,2.696388
-16.0,16,2.705821
-18.0,18,2.716635
-16.0,16,2.725921
-15.0,15,2.735014
-14.0,14,2.743301
-16.0,16,2.751887
-17.0,17,2.760509
-17.0,17,2.769372
-16.0,16,2.77742
-17.0,17,2.786878
-19.0,19,2.797446
-17.0,17,2.80617
-15.0,15,2.81482
-15.0,15,2.823228
-15.0,15,2.831847
-15.0,15,2.839835
-15.0,15,2.848714
-18.0,18,2.857904
-15.0,15,2.867692
-20.0,20,2.888272
-15.0,15,2.897949
-18.0,18,2.911866
-17.0,17,2.924011
-15.0,15,2.933399
-16.0,16,2.947392
-17.0,17,2.956795
-15.0,15,2.964706
-18.0,18,2.975329
-17.0,17,2.98491
-15.0,15,2.993212
-15.0,15,3.000797
-16.0,16,3.009771
-20.0,20,3.021139
-16.0,16,3.030465
-14.0,14,3.038271
-14.0,14,3.045928
-16.0,16,3.054715
-15.0,15,3.062824
-17.0,17,3.076307
-16.0,16,3.086081
-15.0,15,3.094878
-16.0,16,3.104199
-15.0,15,3.112584
-17.0,17,3.122616
-15.0,15,3.130583
-17.0,17,3.139423
-14.0,14,3.1466
-17.0,17,3.155075
-17.0,17,3.163489
-16.0,16,3.219746
-31.0,31,3.235967
-200.0,200,3.334902
-200.0,200,3.443106
-200.0,200,3.56722
-200.0,200,3.690625
-200.0,200,3.801894
-200.0,200,3.896125
-33.0,33,3.912024
-200.0,200,4.012241
-200.0,200,4.116869
-200.0,200,4.221958
-200.0,200,4.385389
-200.0,200,4.508192
-50.0,50,4.536772
-37.0,37,4.55689
-132.0,132,4.624404
-200.0,200,4.724395
-200.0,200,4.823112
-39.0,39,4.845314
-200.0,200,4.962465
-200.0,200,5.076548
-200.0,200,5.18059
-33.0,33,5.195672
-200.0,200,5.296267
-200.0,200,5.407663
-200.0,200,5.571277
-200.0,200,5.690843
-200.0,200,5.810989
-200.0,200,5.920353
-200.0,200,6.035293
-200.0,200,6.148207
-200.0,200,6.257836
-200.0,200,6.367126
-200.0,200,6.489499
-200.0,200,6.597866
-200.0,200,6.750285
-200.0,200,6.84597
-200.0,200,6.958522
-200.0,200,7.069682
-33.0,33,7.087449
-32.0,32,7.104316
-200.0,200,7.202286
-200.0,200,7.298699
-200.0,200,7.400868
-200.0,200,7.504971
-200.0,200,7.615919
-200.0,200,7.726144
-200.0,200,7.878709
-200.0,200,7.981114
-200.0,200,8.084457
-200.0,200,8.192544
-200.0,200,8.304095
-200.0,200,8.414483
-200.0,200,8.515844
-200.0,200,8.618679
-200.0,200,8.717848
-200.0,200,8.823899
-200.0,200,8.932362
-200.0,200,9.092119
-200.0,200,9.194237
-200.0,200,9.29308
-200.0,200,9.413783
-200.0,200,9.52277
-200.0,200,9.627728
-38.0,38,9.64931
-36.0,36,9.667574
-200.0,200,9.768074
-200.0,200,9.876387
-200.0,200,9.982417
-33.0,33,9.998984
-200.0,200,10.166602
-200.0,200,10.268661
-39.0,39,10.288763
-200.0,200,10.394312
-200.0,200,10.504047
-200.0,200,10.616491
-200.0,200,10.732649
-200.0,200,10.848261
-31.0,31,10.864731
-34.0,34,10.882387
-32.0,32,10.898855
-200.0,200,11.002853
-37.0,37,11.022099
-200.0,200,11.136797
-200.0,200,11.248249
-200.0,200,11.413899
-200.0,200,11.516043
-38.0,38,11.534819
-200.0,200,11.647986
-200.0,200,11.752937
-200.0,200,11.860089
-200.0,200,11.97933
-200.0,200,12.084807
-200.0,200,12.193287
-42.0,42,12.217012
-200.0,200,12.336863
-200.0,200,12.495515
-200.0,200,12.599923
-35.0,35,12.617047
-200.0,200,12.719931
-35.0,35,12.73832
-200.0,200,12.844848
-200.0,200,12.950568
-200.0,200,13.052956
-200.0,200,13.161341
-34.0,34,13.177326
-200.0,200,13.279579
-200.0,200,13.384204
-200.0,200,13.490348
-200.0,200,13.654371
-200.0,200,13.764561
-200.0,200,13.87856
-200.0,200,13.977209
-200.0,200,14.077274
-200.0,200,14.185854
-35.0,35,14.202722
-200.0,200,14.305136
-38.0,38,14.324876
-200.0,200,14.43205
-34.0,34,14.45094
-200.0,200,14.561677
-38.0,38,14.58202
-200.0,200,14.689864
-200.0,200,14.853758
-200.0,200,14.964683
-200.0,200,15.074129
-200.0,200,15.183017
-200.0,200,15.291966
-200.0,200,15.397361
-200.0,200,15.496997
-200.0,200,15.610784
-200.0,200,15.726634
-200.0,200,15.839314
-200.0,200,16.004173
-200.0,200,16.112139
-36.0,36,16.13129
-134.0,134,16.203093
-52.0,52,16.231217
-200.0,200,16.329832
-200.0,200,16.440711
-200.0,200,16.540728
-200.0,200,16.640505
-200.0,200,16.745718
-137.0,137,16.81166
-200.0,200,16.911642
-41.0,41,16.933058
-200.0,200,17.084004
-200.0,200,17.191833
-200.0,200,17.291968
-200.0,200,17.392234
-200.0,200,17.501334
-30.0,30,17.518019
-200.0,200,17.628319
-200.0,200,17.73205
-200.0,200,17.826453
-200.0,200,17.935692
-200.0,200,18.045665
-200.0,200,18.211081
-200.0,200,18.322631
-30.0,30,18.338264
-200.0,200,18.44591
-200.0,200,18.557151
-200.0,200,18.673825
-200.0,200,18.790308
-200.0,200,18.907124
-200.0,200,19.017177
-200.0,200,19.121911
-200.0,200,19.240183
-200.0,200,19.40787
-200.0,200,19.524785
-200.0,200,19.631425
-200.0,200,19.7432
-39.0,39,19.76602
-200.0,200,19.885677
-200.0,200,20.010701
-200.0,200,20.125227
-200.0,200,20.236536
-31.0,31,20.254633
-200.0,200,20.370594
-200.0,200,20.471839
-200.0,200,20.624021
-200.0,200,20.731519
-200.0,200,20.836895
-36.0,36,20.855519
-35.0,35,20.872846
-200.0,200,20.976713
-35.0,35,20.994124
-200.0,200,21.096597
-34.0,34,21.1157
-146.0,146,21.194531
-35.0,35,21.213244
-45.0,45,21.237017
-34.0,34,21.255524
-42.0,42,21.279083
-200.0,200,21.378504
-38.0,38,21.396369
-200.0,200,21.493742
-200.0,200,21.589823
-200.0,200,21.740561
-200.0,200,21.872027
-200.0,200,22.001405
-31.0,31,22.017787
-200.0,200,22.143476
-200.0,200,22.275967
-200.0,200,22.383606
-200.0,200,22.495584
-32.0,32,22.511742
-200.0,200,22.627627
-200.0,200,22.745744
-200.0,200,22.86152
-36.0,36,22.881417
-200.0,200,23.045334
-200.0,200,23.14565
-39.0,39,23.166112
-32.0,32,23.181717
-33.0,33,23.197843
-200.0,200,23.302119
-33.0,33,23.318104
-31.0,31,23.333987
-200.0,200,23.44003
-31.0,31,23.456279
-28.0,28,23.470304
-163.0,163,23.551028
-200.0,200,23.649622
-35.0,35,23.66853
-200.0,200,23.765383
-200.0,200,23.866089
-34.0,34,23.8846
-40.0,40,23.905663
-30.0,30,23.922565
-42.0,42,23.945175
-40.0,40,23.964103
-27.0,27,23.977049
-200.0,200,24.148225
-200.0,200,24.262961
-29.0,29,24.277621
-33.0,33,24.294349
-36.0,36,24.318149
-31.0,31,24.336084
-32.0,32,24.352315
-200.0,200,24.46738
-200.0,200,24.577842
-29.0,29,24.593507
-26.0,26,24.606123
-29.0,29,24.620017
-32.0,32,24.634714
-31.0,31,24.654877
-38.0,38,24.674513
-40.0,40,24.697195
-34.0,34,24.715169
-54.0,54,24.741671
-28.0,28,24.755789
-32.0,32,24.772115
-38.0,38,24.791668
-200.0,200,24.892871
-41.0,41,24.914407
-139.0,139,24.989237
-30.0,30,25.004198
-34.0,34,25.021719
-26.0,26,25.034966
-29.0,29,25.049958
-200.0,200,25.156284
-137.0,137,25.273679
-28.0,28,25.288239
-28.0,28,25.303164
-33.0,33,25.320198
-27.0,27,25.333094
-200.0,200,25.435235
-28.0,28,25.449562
-38.0,38,25.469261
-29.0,29,25.485522
-32.0,32,25.503758
-42.0,42,25.527414
-28.0,28,25.542773
-28.0,28,25.558319
-26.0,26,25.572773
-29.0,29,25.588718
-32.0,32,25.60656
-30.0,30,25.623389
-47.0,47,25.64934
-39.0,39,25.67021
-200.0,200,25.77526
-33.0,33,25.791028
-35.0,35,25.807862
-32.0,32,25.825411
-33.0,33,25.845551
-200.0,200,25.960619
-35.0,35,25.981689
-27.0,27,25.997834
-32.0,32,26.016925
-27.0,27,26.033136
-200.0,200,26.151
-34.0,34,26.167349
-31.0,31,26.182847
-38.0,38,26.202409
-36.0,36,26.220342
-200.0,200,26.319625
-30.0,30,26.388224
-31.0,31,26.408399
-28.0,28,26.42526
-27.0,27,26.441486
-35.0,35,26.464122
-27.0,27,26.481034
-45.0,45,26.508501
-26.0,26,26.521282
-27.0,27,26.535789
-27.0,27,26.550873
-27.0,27,26.56538
-29.0,29,26.58164
-30.0,30,26.597611
-42.0,42,26.619712
-33.0,33,26.636915
-27.0,27,26.650645
-26.0,26,26.663482
-28.0,28,26.677684
-27.0,27,26.691344
-29.0,29,26.705734
-30.0,30,26.721133
-29.0,29,26.735348
-27.0,27,26.748591
-31.0,31,26.763842
-27.0,27,26.777046
-29.0,29,26.791394
-31.0,31,26.806043
-28.0,28,26.820504
-31.0,31,26.838457
-25.0,25,26.852651
-35.0,35,26.872644
-28.0,28,26.887831
-30.0,30,26.905172
-31.0,31,26.922755
-27.0,27,26.938071
-28.0,28,26.954117
-29.0,29,26.970477
-45.0,45,26.996645
-28.0,28,27.013441
-31.0,31,27.029786
-39.0,39,27.054082
-29.0,29,27.06965
-34.0,34,27.087991
-31.0,31,27.103785
-41.0,41,27.125032
-26.0,26,27.138369
-25.0,25,27.152105
-200.0,200,27.252941
-28.0,28,27.266686
-25.0,25,27.279397
-33.0,33,27.297396
-39.0,39,27.319124
-26.0,26,27.333807
-33.0,33,27.352323
-33.0,33,27.37082
-29.0,29,27.386922
-29.0,29,27.403594
-34.0,34,27.423209
-27.0,27,27.438396
-200.0,200,27.601516
-47.0,47,27.627916
-42.0,42,27.652119
-41.0,41,27.675679
-200.0,200,27.789854
-200.0,200,27.906816
-55.0,55,27.939785
-39.0,39,27.963362
-77.0,77,28.008953
-39.0,39,28.029131
-46.0,46,28.053517
-45.0,45,28.078905
-43.0,43,28.103153
-42.0,42,28.126977
-39.0,39,28.14932
-39.0,39,28.169397
-46.0,46,28.192898
-200.0,200,28.295204
-49.0,49,28.320893
-44.0,44,28.344404
-40.0,40,28.365654
-200.0,200,28.475563
-56.0,56,28.505445
-40.0,40,28.527389
-41.0,41,28.547338
-38.0,38,28.565641
-59.0,59,28.593571
-200.0,200,28.741651
-42.0,42,28.764409
-43.0,43,28.787452
-61.0,61,28.818939
-200.0,200,28.931091
-182.0,182,29.030768
-44.0,44,29.053482
-41.0,41,29.073631
-39.0,39,29.09298
-45.0,45,29.115287
-46.0,46,29.139119
-52.0,52,29.165582
-200.0,200,29.265931
-38.0,38,29.286542
-42.0,42,29.309199
-199.0,199,29.417393
-38.0,38,29.438489
-62.0,62,29.473009
-40.0,40,29.494065
-49.0,49,29.520975
-44.0,44,29.543858
-41.0,41,29.565215
-45.0,45,29.588708
-49.0,49,29.613786
-39.0,39,29.63264
-200.0,200,29.737719
-41.0,41,29.761003
-51.0,51,29.789498
-43.0,43,29.864264
-43.0,43,29.889108
-45.0,45,29.914814
-42.0,42,29.940239
-46.0,46,29.965387
-38.0,38,29.983793
-48.0,48,30.006823
-36.0,36,30.024789
-48.0,48,30.047416
-38.0,38,30.066919
-38.0,38,30.087722
-40.0,40,30.110291
-45.0,45,30.132407
-36.0,36,30.150933
-35.0,35,30.167842
-52.0,52,30.193684
-35.0,35,30.211568
-37.0,37,30.231036
-44.0,44,30.256033
-42.0,42,30.282014
-38.0,38,30.306096
-36.0,36,30.325593
-50.0,50,30.35034
-35.0,35,30.368681
-40.0,40,30.391951
-38.0,38,30.413829
-41.0,41,30.436484
-37.0,37,30.455621
-42.0,42,30.477035
-38.0,38,30.498115
-49.0,49,30.523766
-41.0,41,30.543126
-44.0,44,30.563821
-40.0,40,30.583261
-39.0,39,30.602207
-42.0,42,30.62374
-40.0,40,30.6444
-36.0,36,30.662759
-37.0,37,30.682971
-41.0,41,30.705109
-37.0,37,30.724855
-39.0,39,30.74472
-41.0,41,30.764046
-37.0,37,30.781108
-38.0,38,30.798593
-40.0,40,30.818848
-38.0,38,30.840688
-37.0,37,30.861604
-35.0,35,30.880733
-40.0,40,30.90284
-34.0,34,30.921811
-39.0,39,30.995633
-39.0,39,31.018256
-42.0,42,31.038986
-40.0,40,31.060186
-41.0,41,31.083268
-43.0,43,31.106966
-42.0,42,31.128514
-43.0,43,31.150639
-42.0,42,31.173829
-44.0,44,31.198837
-41.0,41,31.222219
-42.0,42,31.245776
-43.0,43,31.269229
-42.0,42,31.290823
-46.0,46,31.313166
-40.0,40,31.333553
-42.0,42,31.353317
-41.0,41,31.374666
-43.0,43,31.400864
-38.0,38,31.423899
-46.0,46,31.44843
-41.0,41,31.473719
-43.0,43,31.499246
-42.0,42,31.52421
-40.0,40,31.547157
-51.0,51,31.577924
-41.0,41,31.607093
-42.0,42,31.635814
-41.0,41,31.660996
-39.0,39,31.688243
-41.0,41,31.717215
-43.0,43,31.747203
-41.0,41,31.77502
-40.0,40,31.803276
-41.0,41,31.831877
-42.0,42,31.857377
-39.0,39,31.884111
-41.0,41,31.909834
-42.0,42,31.932947
-42.0,42,31.959679
-40.0,40,31.985249
-43.0,43,32.013446
-42.0,42,32.035699
-42.0,42,32.056157
-47.0,47,32.081991
-42.0,42,32.106805
-40.0,40,32.128783
-41.0,41,32.15021
-40.0,40,32.170906
-45.0,45,32.244758
-49.0,49,32.268293
-47.0,47,32.290253
-50.0,50,32.313597
-49.0,49,32.336712
-49.0,49,32.35984
-50.0,50,32.387372
-51.0,51,32.413193
-49.0,49,32.438812
-50.0,50,32.465032
-49.0,49,32.490066
-49.0,49,32.51492
-53.0,53,32.540838
-48.0,48,32.563819
-53.0,53,32.588633
-48.0,48,32.611161
-49.0,49,32.635569
-49.0,49,32.660853
-50.0,50,32.687901
-50.0,50,32.715852
-48.0,48,32.743104
-53.0,53,32.773607
-50.0,50,32.801151
-51.0,51,32.829007
-48.0,48,32.855415
-52.0,52,32.883939
-48.0,48,32.911551
-49.0,49,32.938558
-51.0,51,32.966767
-51.0,51,32.99383
-49.0,49,33.022008
-48.0,48,33.051193
-48.0,48,33.075597
-51.0,51,33.099671
-47.0,47,33.123401
-48.0,48,33.146412
-49.0,49,33.171256
-51.0,51,33.197602
-47.0,47,33.221713
-49.0,49,33.246404
-52.0,52,33.273855
-49.0,49,33.3489
-75.0,75,33.392469
-68.0,68,33.432457
-70.0,70,33.473039
-71.0,71,33.513942
-71.0,71,33.555525
-69.0,69,33.594725
-200.0,200,33.703644
-91.0,91,33.757439
-74.0,74,33.800775
-73.0,73,33.840966
-64.0,64,33.875132
-70.0,70,33.912483
-66.0,66,33.948249
-200.0,200,34.057963
-72.0,72,34.09653
-70.0,70,34.13423
-70.0,70,34.174654
-67.0,67,34.214674
-68.0,68,34.254928
-64.0,64,34.291689
-63.0,63,34.326012
-65.0,65,34.358112
-63.0,63,34.389498
-67.0,67,34.422832
-66.0,66,34.455134
-66.0,66,34.544409
-200.0,200,34.64464
-200.0,200,34.745008
-200.0,200,34.845437
-200.0,200,34.967396
-200.0,200,35.090849
-200.0,200,35.199341
-200.0,200,35.296469
-200.0,200,35.412665
-200.0,200,35.523929
-200.0,200,35.62517
-200.0,200,35.786108
-200.0,200,35.90534
-200.0,200,36.028554
-200.0,200,36.139213
-200.0,200,36.242715
-200.0,200,36.339387
-200.0,200,36.445701
-200.0,200,36.55165
-200.0,200,36.6568
-200.0,200,36.768359
-200.0,200,36.933816
-200.0,200,37.039589
-188.0,188,37.15053
-200.0,200,37.269763
-200.0,200,37.369555
-200.0,200,37.487169
-200.0,200,37.611647
-200.0,200,37.721148
-200.0,200,37.823263
-200.0,200,37.941137
-200.0,200,38.117991
-200.0,200,38.224716
-200.0,200,38.338008
-200.0,200,38.456351
-200.0,200,38.57961
-200.0,200,38.691783
-200.0,200,38.822316
-200.0,200,38.948474
-200.0,200,39.067129
-200.0,200,39.17872
-200.0,200,39.330796
-200.0,200,39.447295
-200.0,200,39.56883
-200.0,200,39.669563
-200.0,200,39.769692
-200.0,200,39.870928
-200.0,200,39.985974
-200.0,200,40.096683
-200.0,200,40.205382
-200.0,200,40.313032
-200.0,200,40.420527
-200.0,200,40.571251
-200.0,200,40.672808
-200.0,200,40.778519
-200.0,200,40.887528
-200.0,200,40.995198
-200.0,200,41.108538
-200.0,200,41.221597
-200.0,200,41.338761
-200.0,200,41.444156
-200.0,200,41.546241
-200.0,200,41.712544
-200.0,200,41.828487
-200.0,200,41.961444
-200.0,200,42.071756
-200.0,200,42.177524
-200.0,200,42.307674
-200.0,200,42.419449
-200.0,200,42.53013
-200.0,200,42.636651
-200.0,200,42.748924
-200.0,200,42.907497
-200.0,200,43.02071
-200.0,200,43.132146
-200.0,200,43.244191
-200.0,200,43.350404
-200.0,200,43.454266
-200.0,200,43.568054
-200.0,200,43.679389
-200.0,200,43.798342
-200.0,200,43.909743
-200.0,200,44.083352
-200.0,200,44.191096
-200.0,200,44.295537
-200.0,200,44.415318
-200.0,200,44.523714
-200.0,200,44.628204
-200.0,200,44.731653
-200.0,200,44.851626
-200.0,200,44.991668
-200.0,200,45.11011
-200.0,200,45.2268
-200.0,200,45.432613
-200.0,200,45.547835
-200.0,200,45.659811
-200.0,200,45.811992
-200.0,200,45.940704
-200.0,200,46.065609
-200.0,200,46.181618
-200.0,200,46.304131
-200.0,200,46.435786
-200.0,200,46.564946
-200.0,200,46.736147
-200.0,200,46.844152
-200.0,200,46.96077
-200.0,200,47.089393
-200.0,200,47.192842
-200.0,200,47.289159
-200.0,200,47.397946
-200.0,200,47.494826
-200.0,200,47.593501
-200.0,200,47.708145
-200.0,200,47.869073
-200.0,200,47.983297
-200.0,200,48.083449
-200.0,200,48.193334
-200.0,200,48.295186
-200.0,200,48.408834
-200.0,200,48.51398
-200.0,200,48.65182
-200.0,200,48.77316
-200.0,200,48.900192
-200.0,200,49.112917
-200.0,200,49.227197
-200.0,200,49.334557
-200.0,200,49.461461
-200.0,200,49.579727
-200.0,200,49.695204
-200.0,200,49.81689
-200.0,200,49.929479
-200.0,200,50.042741
-200.0,200,50.148054
-200.0,200,50.266935
-200.0,200,50.442573
-200.0,200,50.579805
-200.0,200,50.709368
-200.0,200,50.837204
-200.0,200,50.955507
-200.0,200,51.076219
-200.0,200,51.190095
-200.0,200,51.31004
-200.0,200,51.448503
-200.0,200,51.563286
-200.0,200,51.730949
-200.0,200,51.837167
-200.0,200,51.953958
-200.0,200,52.069527
-200.0,200,52.204614
-200.0,200,52.336217
-200.0,200,52.450393
-200.0,200,52.564092
-200.0,200,52.691306
-200.0,200,52.799548
-200.0,200,52.978662
-200.0,200,53.094507
-200.0,200,53.204348
-200.0,200,53.30998
-200.0,200,53.432749
-200.0,200,53.551916
-200.0,200,53.657897
-200.0,200,53.755823
-200.0,200,53.862494
-200.0,200,53.981672
-200.0,200,54.144099
-200.0,200,54.254707
-200.0,200,54.363325
-200.0,200,54.49477
-200.0,200,54.604019
-200.0,200,54.725243
-200.0,200,54.832455
-200.0,200,54.936179
-200.0,200,55.043929
-200.0,200,55.149495
-200.0,200,55.289657
-200.0,200,55.510689
-200.0,200,55.639419
-200.0,200,55.757845
-200.0,200,55.872652
-200.0,200,55.977453
-200.0,200,56.084431
-200.0,200,56.190917
-200.0,200,56.29835
-200.0,200,56.410222
-200.0,200,56.516251
-200.0,200,56.664028
-200.0,200,56.761677
-200.0,200,56.86043
-200.0,200,56.959486
-200.0,200,57.071789
-200.0,200,57.178455
-200.0,200,57.272817
-200.0,200,57.373572
-200.0,200,57.486426
-200.0,200,57.603354
-200.0,200,57.775405
-200.0,200,57.892575
-200.0,200,57.999931
-200.0,200,58.111135
-200.0,200,58.21568
-200.0,200,58.312164
-200.0,200,58.420669
-200.0,200,58.536612
-200.0,200,58.655953
-200.0,200,58.76413
-200.0,200,58.919034
-200.0,200,59.023467
-200.0,200,59.132033
-200.0,200,59.234574
-200.0,200,59.331072
-200.0,200,59.439005
-200.0,200,59.542411
-200.0,200,59.652891
-200.0,200,59.760632
-200.0,200,59.866712
-200.0,200,59.977045
-200.0,200,60.141553
-200.0,200,60.255078
-200.0,200,60.360808
-200.0,200,60.472816
-200.0,200,60.56942
-200.0,200,60.666384
-200.0,200,60.766516
-200.0,200,60.866136
-200.0,200,60.971535
-200.0,200,61.076047
-200.0,200,61.231183
-200.0,200,61.328014
-200.0,200,61.432183
-200.0,200,61.545519
-200.0,200,61.674678
-200.0,200,61.784067
-200.0,200,61.888965
-200.0,200,61.991823
-200.0,200,62.096068
-200.0,200,62.191133
-200.0,200,62.333772
-200.0,200,62.439822
-200.0,200,62.540962
-200.0,200,62.643775
-200.0,200,62.752849
-200.0,200,62.855933
-200.0,200,62.965821
-200.0,200,63.07276
-200.0,200,63.17468
-200.0,200,63.276843
-200.0,200,63.429613
-200.0,200,63.526677
-200.0,200,63.634005
-200.0,200,63.753657
-200.0,200,63.87312
-200.0,200,63.984283
-200.0,200,64.084288
-200.0,200,64.179104
-200.0,200,64.274469
-200.0,200,64.367826
-200.0,200,64.515547
-200.0,200,64.61565
-200.0,200,64.731056
-200.0,200,64.842839
-200.0,200,64.949817
-200.0,200,65.064547
-200.0,200,65.168323
-200.0,200,65.263436
-200.0,200,65.359063
-200.0,200,65.465657
-200.0,200,65.572101
-200.0,200,65.727455
-200.0,200,65.828532
-200.0,200,65.921123
-200.0,200,66.025408
-200.0,200,66.126602
-200.0,200,66.221276
-200.0,200,66.31831
-200.0,200,66.434464
-200.0,200,66.538759
-200.0,200,66.64895
-200.0,200,66.811121
-200.0,200,66.923575
-200.0,200,67.034801
-200.0,200,67.148531
-200.0,200,67.25368
-200.0,200,67.367678
-200.0,200,67.485901
-200.0,200,67.5947
-200.0,200,67.699219
-200.0,200,67.80985
-200.0,200,67.977636
-200.0,200,68.088445
-200.0,200,68.196956
-200.0,200,68.295256
-200.0,200,68.394362
-200.0,200,68.493272
-200.0,200,68.591339
-200.0,200,68.691272
-200.0,200,68.792484
-200.0,200,68.895682
-200.0,200,69.046641
-200.0,200,69.149388
-200.0,200,69.247492
-200.0,200,69.356832
-200.0,200,69.464291
-200.0,200,69.573675
-200.0,200,69.687199
-200.0,200,69.796897
-200.0,200,69.916548
-200.0,200,70.036573
-200.0,200,70.157563
-200.0,200,70.321518
-200.0,200,70.432198
-200.0,200,70.544816
-200.0,200,70.65156
-200.0,200,70.750674
-200.0,200,70.847389
-200.0,200,70.951465
-200.0,200,71.063163
-200.0,200,71.174751
-200.0,200,71.283946
-200.0,200,71.448286
-200.0,200,71.558405
-200.0,200,71.665117
-200.0,200,71.77163
-200.0,200,71.88546
-200.0,200,71.998184
-200.0,200,72.104244
-200.0,200,72.212619
-200.0,200,72.323503
-200.0,200,72.432229
-200.0,200,72.590683
-200.0,200,72.699342
-200.0,200,72.804991
-200.0,200,72.917538
-200.0,200,73.025097
-200.0,200,73.141923
-200.0,200,73.259899
-200.0,200,73.371545
-200.0,200,73.476736
-200.0,200,73.581568
-200.0,200,73.736014
-200.0,200,73.844482
-200.0,200,73.951317
-200.0,200,74.058569
-200.0,200,74.164234
-200.0,200,74.269776
-200.0,200,74.375503
-200.0,200,74.480366
-200.0,200,74.577541
-200.0,200,74.673216
-200.0,200,74.769101
-200.0,200,74.91608
-200.0,200,75.011777
-200.0,200,75.117504
-200.0,200,75.223592
-200.0,200,75.317891
-200.0,200,75.424557
-200.0,200,75.526149
-200.0,200,75.633879
-200.0,200,75.741317
-200.0,200,75.844382
-200.0,200,76.007075
-200.0,200,76.116668
-200.0,200,76.22739
-200.0,200,76.33692
-200.0,200,76.445296
-200.0,200,76.551955
-200.0,200,76.652281
-200.0,200,76.764529
-200.0,200,76.878546
-200.0,200,76.981544
-200.0,200,77.137007
-200.0,200,77.243425
-200.0,200,77.345363
-200.0,200,77.446387
-200.0,200,77.55693
-200.0,200,77.669546
-200.0,200,77.77632
-200.0,200,77.882151
-200.0,200,77.987928
-200.0,200,78.086235
-200.0,200,78.234831
-200.0,200,78.346005
-200.0,200,78.450042
-200.0,200,78.564749
-200.0,200,78.681315
-200.0,200,78.781385
-200.0,200,78.883307
-200.0,200,78.99443
-200.0,200,79.100608
-200.0,200,79.204302
-200.0,200,79.310015
-200.0,200,79.473005
-200.0,200,79.579925
-200.0,200,79.686189
-200.0,200,79.789854
-200.0,200,79.90027
-200.0,200,80.028585
-200.0,200,80.15775
-200.0,200,80.271779
-200.0,200,80.395307
-200.0,200,80.517012
-200.0,200,80.668771
-200.0,200,80.775167
-200.0,200,80.880064
-200.0,200,80.980531
-200.0,200,81.078147
-200.0,200,81.183184
-200.0,200,81.284916
-200.0,200,81.384127
-200.0,200,81.481114
-200.0,200,81.585911
-200.0,200,81.741842
-200.0,200,81.845189
-200.0,200,81.959501
-200.0,200,82.075242
-200.0,200,82.188837
-200.0,200,82.28553
-200.0,200,82.390841
-200.0,200,82.51475
-200.0,200,82.63853
-200.0,200,82.747878
-200.0,200,82.909117
-200.0,200,83.026501
-200.0,200,83.135768
-200.0,200,83.2397
-200.0,200,83.336615
-200.0,200,83.440903
-200.0,200,83.542886
-200.0,200,83.643952
-200.0,200,83.744811
-200.0,200,83.840091
-200.0,200,83.943603
-200.0,200,84.10593
-200.0,200,84.211131
-200.0,200,84.324714
-200.0,200,84.422512
-200.0,200,84.522235
-200.0,200,84.615422
-200.0,200,84.719218
-200.0,200,84.821432
-200.0,200,84.93679
-200.0,200,85.053393
-200.0,200,85.220672
-200.0,200,85.327201
-200.0,200,85.433791
-200.0,200,85.540391
-200.0,200,85.645342
-200.0,200,85.753113
-200.0,200,85.859103
-200.0,200,85.964621
-200.0,200,86.073587
-200.0,200,86.182162
-200.0,200,86.340264
-200.0,200,86.450894
-200.0,200,86.55511
-200.0,200,86.659717
-200.0,200,86.763419
-200.0,200,86.867354
-200.0,200,86.971669
-200.0,200,87.075814
-200.0,200,87.180468
-200.0,200,87.285269
-200.0,200,87.443391
-200.0,200,87.547747
-200.0,200,87.651947
-200.0,200,87.757082
-200.0,200,87.870999
-200.0,200,87.982444
-200.0,200,88.086108
-200.0,200,88.192154
-200.0,200,88.2958
-200.0,200,88.403975
-200.0,200,88.51058
-200.0,200,88.667857
-200.0,200,88.773072
-200.0,200,88.878898
-200.0,200,88.985677
-200.0,200,89.094307
-200.0,200,89.206473
-200.0,200,89.314212
-200.0,200,89.425992
-200.0,200,89.534246
-200.0,200,89.643608
-200.0,200,89.801697
-200.0,200,89.907485
-200.0,200,90.013726
-200.0,200,90.119914
-200.0,200,90.223616
-200.0,200,90.326226
-200.0,200,90.427856
-200.0,200,90.537197
-200.0,200,90.647087
-200.0,200,90.755168
-200.0,200,90.908731
-200.0,200,91.01506
-200.0,200,91.122242
-200.0,200,91.229032
-200.0,200,91.341374
-200.0,200,91.467637
-200.0,200,91.586265
-200.0,200,91.697675
-200.0,200,91.809222
-200.0,200,91.919571
-200.0,200,92.075788
-200.0,200,92.177094
-200.0,200,92.273801
-200.0,200,92.377201
-200.0,200,92.488267
-200.0,200,92.593142
-200.0,200,92.70257
-200.0,200,92.81449
-200.0,200,92.928589
-200.0,200,93.045426
-200.0,200,93.196996
-200.0,200,93.304293
-200.0,200,93.415488
-200.0,200,93.517313
-200.0,200,93.61883
-200.0,200,93.720539
-200.0,200,93.82236
-200.0,200,93.933695
-200.0,200,94.044472
-200.0,200,94.154967
-200.0,200,94.263451
-200.0,200,94.43586
-200.0,200,94.546064
-200.0,200,94.664646
-200.0,200,94.77645
-200.0,200,94.882097
-200.0,200,94.98765
-200.0,200,95.102199
-200.0,200,95.215472
-200.0,200,95.318738
-200.0,200,95.43487
-200.0,200,95.580137
-200.0,200,95.682328
-200.0,200,95.783855
-200.0,200,95.888217
-200.0,200,95.99459
-200.0,200,96.100106
-200.0,200,96.205273
-200.0,200,96.308601
-200.0,200,96.412332
-200.0,200,96.525535
-200.0,200,96.688907
-200.0,200,96.800764
-200.0,200,96.906342
-200.0,200,97.018255
-200.0,200,97.1297
-200.0,200,97.232641
-200.0,200,97.332858
-200.0,200,97.447192
-200.0,200,97.555878
-200.0,200,97.664193
-200.0,200,97.825081
-200.0,200,97.931657
-200.0,200,98.039641
-200.0,200,98.144667
-200.0,200,98.244933
-200.0,200,98.338109
-200.0,200,98.434632
-200.0,200,98.539738
-200.0,200,98.654948
-200.0,200,98.7679
-200.0,200,98.879916
-200.0,200,99.056775
-200.0,200,99.170534
-200.0,200,99.274833
-200.0,200,99.381855
-200.0,200,99.486634
-200.0,200,99.597831
-200.0,200,99.699462
-200.0,200,99.805163
-200.0,200,99.910011
-200.0,200,100.015986
-200.0,200,100.170382
-200.0,200,100.271459
-200.0,200,100.370117
-200.0,200,100.471882
-200.0,200,100.570998
-200.0,200,100.678776
-200.0,200,100.788614
-200.0,200,100.893063
-200.0,200,100.996442
-200.0,200,101.105352
-200.0,200,101.263894
-200.0,200,101.375608
-200.0,200,101.477706
-200.0,200,101.595116
-200.0,200,101.730821
-200.0,200,101.859416
-200.0,200,101.97241
-200.0,200,102.078123
-200.0,200,102.183161
-200.0,200,102.281816
-200.0,200,102.436813
-200.0,200,102.54087
-200.0,200,102.633523
-200.0,200,102.725692
-200.0,200,102.819436
-200.0,200,102.937642
-200.0,200,103.052629
-200.0,200,103.165766
-200.0,200,103.279336
-200.0,200,103.389636
-200.0,200,103.50281
-200.0,200,103.670648
-200.0,200,103.778257
-200.0,200,103.892253
-200.0,200,104.000447
-200.0,200,104.101905
-200.0,200,104.211964
-200.0,200,104.312146
-200.0,200,104.440437
-200.0,200,104.56737
-200.0,200,104.671638
-200.0,200,104.865904
-200.0,200,104.978101
-200.0,200,105.088202
-200.0,200,105.198413
-200.0,200,105.312653
-200.0,200,105.435001
-200.0,200,105.559502
-200.0,200,105.666741
-200.0,200,105.777631
-200.0,200,105.895202
-200.0,200,106.063105
-200.0,200,106.182601
-200.0,200,106.283745
-200.0,200,106.415252
-200.0,200,106.531693
-200.0,200,106.633335
-200.0,200,106.735702
-200.0,200,106.841263
-200.0,200,106.947431
-200.0,200,107.05756
-200.0,200,107.213825
-200.0,200,107.321714
-200.0,200,107.42724
-200.0,200,107.529241
-200.0,200,107.63397
-200.0,200,107.738327
-200.0,200,107.841439
-200.0,200,107.95248
-200.0,200,108.070667
-200.0,200,108.183642
-200.0,200,108.284128
-200.0,200,108.441316
-200.0,200,108.5439
-200.0,200,108.650532
-200.0,200,108.769065
-200.0,200,108.880747
-200.0,200,108.989572
-200.0,200,109.108938
-200.0,200,109.227929
-200.0,200,109.347215
-200.0,200,109.465661
-200.0,200,109.63226
-200.0,200,109.764849
-200.0,200,109.891554
-200.0,200,110.03131
-200.0,200,110.141304
-200.0,200,110.293209
-200.0,200,110.426148
-200.0,200,110.529799
-200.0,200,110.63818
-200.0,200,110.742794
-200.0,200,110.907141
-200.0,200,111.015401
-200.0,200,111.122976
-200.0,200,111.230018
-200.0,200,111.328851
-200.0,200,111.431627
-200.0,200,111.537259
-200.0,200,111.640912
-200.0,200,111.734451
-200.0,200,111.826782
-200.0,200,111.987022
-200.0,200,112.092587
-200.0,200,112.196422
-200.0,200,112.296768
-200.0,200,112.409415
-200.0,200,112.514478
-200.0,200,112.616289
-200.0,200,112.728717
-200.0,200,112.833774
-200.0,200,112.953597
-200.0,200,113.070359
-200.0,200,113.236278
-200.0,200,113.32989
-200.0,200,113.423592
-200.0,200,113.536846
-200.0,200,113.65016
-200.0,200,113.757247
-200.0,200,113.862557
-200.0,200,113.981517
-200.0,200,114.093547
-200.0,200,114.199098
